"Measurement Time","Production (MW)","To Building (MW)","To Grid (MW)","Consumption (MW)","From Solar (MW)","From Grid (MW)"
"Sep 9, 2026 12:00 AM","0","0","0","1.78","0","1.78"
"Sep 9, 2026 12:15 AM","0","0","0","1.78","0","1.78"
"Sep 9, 2026 12:30 AM","0","0","0","1.75","0","1.75"
"Sep 9, 2026 12:45 AM","0","0","0","1.75","0","1.75"
"Sep 9, 2026 1:00 AM","0","0","0","1.81","0","1.81"
"Sep 9, 2026 1:15 AM","0","0","0","1.76","0","1.76"
"Sep 9, 2026 1:30 AM","0","0","0","1.76","0","1.76"
"Sep 9, 2026 1:45 AM","0","0","0","1.76","0","1.76"
"Sep 9, 2026 2:00 AM","0","0","0","1.68","0","1.68"
"Sep 9, 2026 2:15 AM","0","0","0","1.63","0","1.63"
"Sep 9, 2026 2:30 AM","0","0","0","1.87","0","1.87"
"Sep 9, 2026 2:45 AM","0","0","0","1.71","0","1.71"
"Sep 9, 2026 3:00 AM","0","0","0","1.75","0","1.75"
"Sep 9, 2026 3:15 AM","0","0","0","1.21","0","1.21"
"Sep 9, 2026 3:30 AM","0","0","0","1.13","0","1.13"
"Sep 9, 2026 3:45 AM","0","0","0","1.24","0","1.24"
"Sep 9, 2026 4:00 AM","0","0","0","1.31","0","1.31"
"Sep 9, 2026 4:15 AM","0","0","0","1.56","0","1.56"
"Sep 9, 2026 4:30 AM","0","0","0","1.8","0","1.8"
"Sep 9, 2026 4:45 AM","0","0","0","1.68","0","1.68"
"Sep 9, 2026 5:00 AM","0","0","0","1.69","0","1.69"
"Sep 9, 2026 5:15 AM","0","0","0","1.84","0","1.84"
"Sep 9, 2026 5:30 AM","0","0","0","1.8","0","1.8"
"Sep 9, 2026 5:45 AM","0","0","0","1.73","0","1.73"
"Sep 9, 2026 6:00 AM","0","0","0","1.71","0","1.71"
"Sep 9, 2026 6:15 AM","0.01","0.01","0","1.66","0.01","1.65"
"Sep 9, 2026 6:30 AM","0.03","0.03","0","1.61","0.03","1.58"
"Sep 9, 2026 6:45 AM","0.09","0.09","0","1.58","0.09","1.48"
"Sep 9, 2026 7:00 AM","0.16","0.16","0","1.6","0.16","1.44"
"Sep 9, 2026 7:15 AM","0.22","0.22","0","1.7","0.22","1.48"
"Sep 9, 2026 7:30 AM","0.27","0.27","0","1.75","0.27","1.48"
"Sep 9, 2026 7:45 AM","0.41","0.41","0","1.69","0.41","1.28"
"Sep 9, 2026 8:00 AM","0.46","0.46","0","1.75","0.46","1.3"
"Sep 9, 2026 8:15 AM","0.69","0.69","0","1.69","0.69","1"
"Sep 9, 2026 8:30 AM","0.75","0.75","0","1.82","0.75","1.08"
"Sep 9, 2026 8:45 AM","0.77","0.77","0","1.72","0.77","0.95"
"Sep 9, 2026 9:00 AM","0.79","0.79","0","1.71","0.79","0.93"
"Sep 9, 2026 9:15 AM","0.83","0.83","0","1.73","0.83","0.89"
"Sep 9, 2026 9:30 AM","0.87","0.87","0","1.83","0.87","0.96"
"Sep 9, 2026 9:45 AM","0.87","0.87","0","1.52","0.87","0.65"
"Sep 9, 2026 10:00 AM","1.16","1.16","0","1.36","1.16","0.21"
"Sep 9, 2026 10:15 AM","1.18","1.18","0","1.54","1.18","0.35"
"Sep 9, 2026 10:30 AM","1.7","1.7","0","1.83","1.7","0.13"
"Sep 9, 2026 10:45 AM","1.69","1.69","0","1.8","1.69","0.11"
"Sep 9, 2026 11:00 AM","1.76","1.76","0","1.82","1.76","0.05"
"Sep 9, 2026 11:15 AM","1.75","1.72","0.03","1.78","1.72","0.07"
"Sep 9, 2026 11:30 AM","1.57","1.57","0","1.75","1.57","0.18"
"Sep 9, 2026 11:45 AM","1.75","1.75","0","1.85","1.75","0.1"
"Sep 9, 2026 12:00 PM","1.74","1.74","0","1.79","1.74","0.05"
"Sep 9, 2026 12:15 PM","1.75","1.75","0","1.85","1.75","0.1"
"Sep 9, 2026 12:30 PM","1.48","1.47","0.01","1.55","1.47","0.08"
"Sep 9, 2026 12:45 PM","1.4","1.4","0","1.81","1.4","0.42"
"Sep 9, 2026 1:00 PM","1.81","1.8","0","1.84","1.8","0.04"
"Sep 9, 2026 1:15 PM","1.74","1.74","0","1.88","1.74","0.14"
"Sep 9, 2026 1:30 PM","1.67","1.64","0.03","1.84","1.64","0.2"
"Sep 9, 2026 1:45 PM","1.29","1.29","0","1.79","1.29","0.5"
"Sep 9, 2026 2:00 PM","1.02","1.02","0","1.69","1.02","0.67"
"Sep 9, 2026 2:15 PM","0.97","0.97","0","1.7","0.97","0.73"
"Sep 9, 2026 2:30 PM","0.59","0.59","0","1.73","0.59","1.13"
"Sep 9, 2026 2:45 PM","0.98","0.98","0","1.69","0.98","0.71"
"Sep 9, 2026 3:00 PM","1.54","1.54","0","1.75","1.54","0.21"
"Sep 9, 2026 3:15 PM","1.65","1.65","0","1.85","1.65","0.2"
"Sep 9, 2026 3:30 PM","1.61","1.61","0","1.86","1.61","0.25"
"Sep 9, 2026 3:45 PM","1.24","1.24","0","1.75","1.24","0.51"
"Sep 9, 2026 4:00 PM","0.67","0.67","0","1.79","0.67","1.12"
"Sep 9, 2026 4:15 PM","0.74","0.74","0","1.73","0.74","1"
"Sep 9, 2026 4:30 PM","0.92","0.92","0","1.79","0.92","0.87"
"Sep 9, 2026 4:45 PM","0.67","0.67","0","1.71","0.67","1.04"
"Sep 9, 2026 5:00 PM","0.31","0.31","0","1.82","0.31","1.5"
"Sep 9, 2026 5:15 PM","0.3","0.3","0","1.76","0.3","1.46"
"Sep 9, 2026 5:30 PM","0.18","0.18","0","1.73","0.18","1.55"
"Sep 9, 2026 5:45 PM","0.08","0.08","0","1.64","0.08","1.56"
"Sep 9, 2026 6:00 PM","0.02","0.02","0","1.73","0.02","1.71"
"Sep 9, 2026 6:15 PM","0","0","0","1.71","0","1.71"
"Sep 9, 2026 6:30 PM","0","0","0","1.72","0","1.72"
"Sep 9, 2026 6:45 PM","0","0","0","1.68","0","1.68"
"Sep 9, 2026 7:00 PM","0","0","0","1.65","0","1.65"
"Sep 9, 2026 7:15 PM","0","0","0","1.32","0","1.32"
"Sep 9, 2026 7:30 PM","0","0","0","1.62","0","1.62"
"Sep 9, 2026 7:45 PM","0","0","0","1.77","0","1.77"
"Sep 9, 2026 8:00 PM","0","0","0","1.79","0","1.79"
"Sep 9, 2026 8:15 PM","0","0","0","1.66","0","1.66"
"Sep 9, 2026 8:30 PM","0","0","0","1.61","0","1.61"
"Sep 9, 2026 8:45 PM","0","0","0","1.72","0","1.72"
"Sep 9, 2026 9:00 PM","0","0","0","1.79","0","1.79"
"Sep 9, 2026 9:15 PM","0","0","0","1.78","0","1.78"
"Sep 9, 2026 9:30 PM","0","0","0","1.77","0","1.77"
"Sep 9, 2026 9:45 PM","0","0","0","1.68","0","1.68"
"Sep 9, 2026 10:00 PM","0","0","0","1.83","0","1.83"
"Sep 9, 2026 10:15 PM","0","0","0","1.68","0","1.68"
"Sep 9, 2026 10:30 PM","0","0","0","1.75","0","1.75"
"Sep 9, 2026 10:45 PM","0","0","0","1.87","0","1.87"
"Sep 9, 2026 11:00 PM","0","0","0","1.8","0","1.8"
"Sep 9, 2026 11:15 PM","0","0","0","1.77","0","1.77"
"Sep 9, 2026 11:30 PM","0","0","0","1.85","0","1.85"
"Sep 9, 2026 11:45 PM","0","0","0","1.76","0","1.76"