"DateTime","Accumulated Energy Produced","Irradiance Accumulated for IRRADIANCE_SENSOR (67009F5E_DIRECT)","Irradiance Accumulated for IRRADIANCE_SENSOR (67009F5E_GLOBAL_HORIZONTAL)"
"2026-09-01 00:00:00",13019418,6286.0386,0
"2026-09-02 00:00:00",12239264,6284.1245,0
"2026-09-03 00:00:00",10887124,5135.636,0
"2026-09-04 00:00:00",2204044,4794.119,0
"2026-09-05 00:00:00",11061295,5157.093,0
"2026-09-06 00:00:00",10252119,5512.3325,0
"2026-09-07 00:00:00",12105264,6159.229,0
"2026-09-08 00:00:00",13762891,6904.8027,0
"2026-09-09 00:00:00",11906811,5829.67,0
"2026-09-10 00:00:00",5755355,2461.973,0
"2026-09-11 00:00:00",2267495,5878.1587,0
"2026-09-12 00:00:00",11524173,5835.837,0
"2026-09-13 00:00:00",12400699,6106.4326,0
"2026-09-14 00:00:00",7851372,3379.8293,0
"2026-09-15 00:00:00",9235467,4251.2686,0
"2026-09-16 00:00:00",8367397,3234.4795,0
"2026-09-17 00:00:00",10154538,0,0
"2026-09-18 00:00:00",2323832,0,0
"2026-09-19 00:00:00",9596475,0,0
"2026-09-20 00:00:00",8956692,0,0
"2026-09-21 00:00:00",7067147,0,0
"2026-09-22 00:00:00",13037732,0,0
"2026-09-23 00:00:00",11377155,0,0
"2026-09-24 00:00:00",9471382,0,0
"2026-09-25 00:00:00",1886498,0,0
"2026-09-26 00:00:00",8026098,0,0
"2026-09-27 00:00:00",9373667,0,0
"2026-09-28 00:00:00",3757818,0,0
"2026-09-29 00:00:00",10731660,0,0
"2026-09-30 00:00:00",12833200,0,0