"DateTime","Consumed Energy","Exported Energy","Imported Energy","Inverters Produced"
"2026-09-01 00:00:00",46850656,28854,33860096,13019418
"2026-09-02 00:00:00",43222488,53192,31036416,12239264
"2026-09-03 00:00:00",36163309,29927,25306112,10887124
"2026-09-04 00:00:00",11894224,52668,9742848,2204044
"2026-09-05 00:00:00",42202909,29970,31171584,11061295
"2026-09-06 00:00:00",33629660,36219,23413760,10252119
"2026-09-07 00:00:00",40338602,49030,28282368,12105264
"2026-09-08 00:00:00",41935370,32577,28205056,13762891
"2026-09-09 00:00:00",41277956,21239,29392384,11906811
"2026-09-10 00:00:00",45067179,4656,39316480,5755355
"2026-09-11 00:00:00",13540811,23452,11296768,2267495
"2026-09-12 00:00:00",48061529,40948,36578304,11524173
"2026-09-13 00:00:00",40046026,47217,27692544,12400699
"2026-09-14 00:00:00",38371566,1662,30521856,7851372
"2026-09-15 00:00:00",43366650,12047,34143230,9235467
"2026-09-16 00:00:00",26462118,18303,18113024,8367397
"2026-09-17 00:00:00",10154538,0,0,10154538
"2026-09-18 00:00:00",2323832,0,0,2323832
"2026-09-19 00:00:00",9596475,0,0,9596475
"2026-09-20 00:00:00",8956692,0,0,8956692
"2026-09-21 00:00:00",7067147,0,0,7067147
"2026-09-22 00:00:00",13037732,0,0,13037732
"2026-09-23 00:00:00",27245733,31070,15899648,11377155
"2026-09-24 00:00:00",32743525,29489,23301632,9471382
"2026-09-25 00:00:00",11486275,15071,9614848,1886498
"2026-09-26 00:00:00",40663425,12913,32650240,8026098
"2026-09-27 00:00:00",40140322,35265,30801920,9373667
"2026-09-28 00:00:00",39854328,0,36096510,3757818
"2026-09-29 00:00:00",39187891,68313,28524544,10731660
"2026-09-30 00:00:00",39410031,54337,26631168,12833200