"DateTime","Energy Produced for Inverter 1 (7B105205)","Energy Produced for Inverter 10 (7B10521E)","Energy Produced for Inverter 11 (7B1051FB)","Energy Produced for Inverter 12 (7B10537A)","Energy Produced for Inverter 13 (7B1051D3)","Energy Produced for Inverter 14 (7B1051E7)","Energy Produced for Inverter 15 (7B1051FE)","Energy Produced for Inverter 16 (7B1051F3)","Energy Produced for Inverter 17 (7B1051C5)","Energy Produced for Inverter 18 (7B105385)","Energy Produced for Inverter 19 (7B1051FC)","Energy Produced for Inverter 2 (7B1051F8)","Energy Produced for Inverter 20 (7B105218)","Energy Produced for Inverter 21 (7B105386)","Energy Produced for Inverter 22 (7B10520A)","Energy Produced for Inverter 23 (7B105208)","Energy Produced for Inverter 24 (7B1051F6)","Energy Produced for Inverter 3 (7B1051FD)","Energy Produced for Inverter 4 (7B105200)","Energy Produced for Inverter 5 (7B1051F9)","Energy Produced for Inverter 6 (7B1051F4)","Energy Produced for Inverter 7 (7B1051F1)","Energy Produced for Inverter 8 (7B1051FF)","Energy Produced for Inverter 9 (7B10520B)"
"2026-09-01 00:00:00",532709,537939,539077,537223,537660,541471,538722,537311,539102,533605,545021,535939,542502,541096,542482,542268,638637,534554,536890,537041,534863,537014,537261,539518
"2026-09-02 00:00:00",501616,504625,501983,504381,504397,507394,505722,505136,506465,502831,520113,504765,518203,507281,508277,517470,587573,504004,505350,505715,502931,504542,504238,504793
"2026-09-03 00:00:00",446820,449042,450263,449508,451061,452105,451394,448583,448553,448380,455217,450636,452713,450589,452659,453222,532662,448400,450228,449342,448251,449536,448646,449960
"2026-09-04 00:00:00",91307,91380,91522,91222,91226,91357,91280,91206,91287,91329,94191,91591,93925,91367,91487,94149,95424,91427,91508,91545,91186,91406,91471,91516
"2026-09-05 00:00:00",452708,458003,459686,452456,455951,455570,456015,459014,460792,460446,465926,450272,465780,463039,465628,467843,547493,453029,452421,452781,451536,448129,454163,453357
"2026-09-06 00:00:00",423958,424547,425080,423751,424336,424769,424012,422377,423018,421292,427837,425939,425420,423007,423896,424335,491862,424577,425375,424632,424117,424671,424520,425452
"2026-09-07 00:00:00",496415,498615,499673,497422,499633,500760,500511,499235,500617,500167,512739,500064,510832,502080,502738,509148,583663,497815,499621,499677,497390,499197,498883,499071
"2026-09-08 00:00:00",565118,569624,571313,566866,569559,570878,570461,569053,568639,568240,572231,567163,573508,570431,571742,572625,666130,567707,569491,567801,567446,567819,569846,569902
"2026-09-09 00:00:00",489487,492490,492865,492695,490692,493679,491353,490157,493231,490006,496195,494260,491856,493542,494230,491978,581641,491639,492924,494571,489851,493558,491304,493393
"2026-09-10 00:00:00",236439,237824,237790,238346,237958,238643,238390,236744,237881,237707,238648,239425,236335,238358,239336,236707,286788,236513,238041,238489,237079,237769,237171,237721
"2026-09-11 00:00:00",93792,93958,93834,94048,94003,94034,94027,93935,94014,93975,97809,94026,97645,94203,94165,97724,95959,93642,93794,93816,93756,94004,93938,94043
"2026-09-12 00:00:00",472634,476613,473712,474740,476339,478569,477108,474552,473024,474729,486619,478263,484054,477256,478200,480141,556547,475823,477186,474233,474100,477043,475588,477831
"2026-09-13 00:00:00",508849,512534,505135,510881,511727,513177,511631,512221,514247,512562,521589,511047,520397,515743,516853,520925,603767,508745,511857,512323,509767,510787,511912,512791
"2026-09-14 00:00:00",318178,323771,324474,324946,325169,325507,326039,324503,325635,326681,326678,322636,324818,328059,329546,326940,395317,319696,321328,322495,321096,322229,322701,323613
"2026-09-15 00:00:00",376134,381236,380710,382452,378607,383806,381479,382197,385052,378588,386634,379187,385174,385620,386443,386317,458388,378576,380157,381047,376420,380578,379473,381947
"2026-09-16 00:00:00",344236,347021,347069,347197,346988,348299,347563,346572,347651,347544,350905,334742,348777,348890,349816,349953,415134,345306,346764,347396,319152,347357,346122,347673
"2026-09-17 00:00:00",424863,429810,432846,428852,431348,430173,431351,431165,430637,432342,430960,341484,432676,433147,434441,433958,516414,427221,429285,428547,255308,426803,431232,430364
"2026-09-18 00:00:00",99277,99217,99302,99263,99350,99518,99054,99345,99376,99110,100800,67554,100692,99314,99327,100701,102356,99251,99340,99315,65138,99297,99355,99282
"2026-09-19 00:00:00",405527,406459,407538,404071,406513,406302,406551,405342,405984,405280,411174,319507,411886,407822,409110,412914,479815,406088,407334,406265,246001,405708,407136,406824
"2026-09-20 00:00:00",380004,378925,377047,379525,379884,375946,375799,378522,379287,378375,386574,301710,384926,380563,381169,384292,446306,377384,380106,380359,230546,380531,378804,380674
"2026-09-21 00:00:00",298036,300458,300978,301503,300953,301351,301315,300385,301487,301639,302182,231430,299843,302283,303114,300725,362768,298801,300656,301154,155994,300112,300315,300708
"2026-09-22 00:00:00",540486,543577,546024,542122,545882,548309,548190,548291,549891,540793,559329,424999,558380,556975,559217,559097,654569,544013,545775,542263,445401,543127,546095,545552
"2026-09-23 00:00:00",483058,484715,484364,480754,482355,482882,482520,481622,481679,479302,491222,286871,490942,483149,483830,481148,568004,484635,480997,485554,364885,482959,484570,485787
"2026-09-24 00:00:00",392445,394256,393927,394286,393835,394708,394253,393010,393858,393538,402007,312392,399546,395267,396276,399624,467694,393013,400231,394214,391445,393862,393795,395010
"2026-09-25 00:00:00",79118,79072,79262,79138,79341,79325,79278,79324,79320,79277,81569,54062,81453,79543,79541,81466,81490,79091,80730,79137,79222,79231,79320,78960
"2026-09-26 00:00:00",330992,334702,335172,334156,334328,334865,334582,334163,335443,334999,337269,266232,335896,336692,337580,336406,400958,332081,334522,334159,330804,332959,333638,334468
"2026-09-27 00:00:00",380374,392596,392927,392901,391615,393132,392861,385488,389282,390676,394354,313671,392265,392292,388536,385579,458701,390914,396096,393139,390232,392290,392537,392074
"2026-09-28 00:00:00",154858,154390,156809,157452,157104,157512,157450,156350,156950,153370,157371,126729,155781,157639,158019,156372,189725,155900,156616,157239,155456,156423,156252,156866
"2026-09-29 00:00:00",444245,447184,449133,443893,445963,446184,447212,447297,448020,445595,457130,344310,457423,448962,450854,458303,516854,445898,454631,447350,444573,445176,448094,447926
"2026-09-30 00:00:00",533017,535755,536517,531399,534586,535804,535947,535259,534189,531731,546176,410293,545314,536026,536789,543059,615665,534962,546549,533207,530940,534981,537219,538452