"DateTime","Inverter power for Inverter 1 (7B105205)","Inverter power for Inverter 10 (7B10521E)","Inverter power for Inverter 11 (7B1051FB)","Inverter power for Inverter 12 (7B10537A)","Inverter power for Inverter 13 (7B1051D3)","Inverter power for Inverter 14 (7B1051E7)","Inverter power for Inverter 15 (7B1051FE)","Inverter power for Inverter 16 (7B1051F3)","Inverter power for Inverter 17 (7B1051C5)","Inverter power for Inverter 18 (7B105385)","Inverter power for Inverter 19 (7B1051FC)","Inverter power for Inverter 2 (7B1051F8)","Inverter power for Inverter 20 (7B105218)","Inverter power for Inverter 21 (7B105386)","Inverter power for Inverter 22 (7B10520A)","Inverter power for Inverter 23 (7B105208)","Inverter power for Inverter 24 (7B1051F6)","Inverter power for Inverter 3 (7B1051FD)","Inverter power for Inverter 4 (7B105200)","Inverter power for Inverter 5 (7B1051F9)","Inverter power for Inverter 6 (7B1051F4)","Inverter power for Inverter 7 (7B1051F1)","Inverter power for Inverter 8 (7B1051FF)","Inverter power for Inverter 9 (7B10520B)","Irradiance Accumulated for IRRADIANCE_SENSOR (67009F5E_DIRECT)","Irradiance Accumulated for IRRADIANCE_SENSOR (67009F5E_GLOBAL_HORIZONTAL)"
"2026-09-01 00:00:00",40695,40617,40709,40728,40513,40931,40712,40867,41056,40470,41445,40708,41134,41118,41142,40895,48545,40666,40830,40741,40416,40721,39724,40936,6286.0386,0
"2026-09-02 00:00:00",38427,38540,38296,38442,38479,38755,38330,38558,38619,37958,39208,37911,38918,38444,38454,38728,44346,38192,38187,38182,38535,38206,38071,38528,6284.1245,0
"2026-09-03 00:00:00",33406,34047,34104,33916,34132,34065,33999,34443,34265,34500,34832,33820,34584,34438,34599,34500,40458,33773,33943,33862,33956,33925,33269,34061,5135.636,0
"2026-09-04 00:00:00",6801,6778,6790,6814,6814,6814,6771,6760,6807,6810,7069,6821,7004,6768,6778,7024,7227,6769,6794,6832,6851,6811,6684,6804,4794.119,0
"2026-09-05 00:00:00",33815,35152,35496,35016,35621,35256,35513,34961,35118,35090,35318,34155,35244,35599,35501,35358,41855,34199,34386,33881,34534,33855,34443,34650,5157.093,0
"2026-09-06 00:00:00",32144,31771,31875,31582,31951,31575,31535,31491,31533,31306,31924,32369,31703,31484,31755,31640,37065,32189,32285,32242,32200,32127,31517,32133,5512.3325,0
"2026-09-07 00:00:00",38210,38415,38393,38350,38364,38715,38544,38293,38496,38488,39133,38508,39056,38539,38526,38626,44834,38262,38402,38392,38220,38375,37774,38519,6159.229,0
"2026-09-08 00:00:00",42534,42799,43053,42557,43145,42933,42852,43162,43053,43100,43302,42498,43670,42926,43331,43581,50538,42506,42886,42601,42764,42312,42092,42804,6904.8027,0
"2026-09-09 00:00:00",37360,37727,37348,37649,37393,37713,37227,37467,37634,37436,37748,38043,37556,37413,37456,37247,44465,37785,37817,38000,37501,37709,36896,37569,5829.67,0
"2026-09-10 00:00:00",18209,18241,18163,18340,18145,18369,18290,18411,18516,18410,18525,18529,18282,18519,18580,18325,22296,18247,18337,18426,18182,18318,17918,18238,2461.973,0
"2026-09-11 00:00:00",7084,7095,7034,7105,7094,7098,7085,7080,7079,7083,7396,7096,7381,7091,7087,7385,7228,7093,7091,7087,7088,7097,6958,7102,5878.1587,0
"2026-09-12 00:00:00",35596,35860,35872,35906,36069,36122,36065,35070,34922,35314,36379,36084,36287,35460,35976,36091,41777,36031,35878,35559,35920,36072,35238,36156,5835.837,0
"2026-09-13 00:00:00",39091,39305,39358,38910,38743,39702,39240,39430,39577,39462,40016,38747,39876,39667,39670,39864,46350,38627,38479,39196,38770,38851,38449,38771,6106.4326,0
"2026-09-14 00:00:00",24832,25075,25422,25458,25486,25673,25522,25508,25507,25560,25614,25242,25497,25609,25794,25627,30817,24955,25079,25226,25077,25222,25156,25367,3379.8293,0
"2026-09-15 00:00:00",29253,29310,29107,29142,28902,29451,29061,28976,29092,28715,29232,29520,29106,29203,29216,29190,34529,29548,29633,29743,29327,29223,28921,29445,4251.2686,0
"2026-09-16 00:00:00",26440,26605,26739,26619,26717,26923,26887,26114,26316,26165,26566,18149,26301,26296,26357,26564,31378,26678,26475,26724,24426,26613,26136,26617,3234.4795,0
"2026-09-17 00:00:00",33462,33702,33733,33461,33580,33556,33412,32537,32591,32406,32688,13885,32498,32652,32738,32453,38935,33655,33782,33748,20128,33630,33188,33564,0,0
"2026-09-18 00:00:00",7623,7612,7619,7616,7624,7628,7597,7627,7632,7619,7783,2730,7779,7632,7604,7751,7828,7599,7604,7607,4997,7609,7468,7611,0,0
"2026-09-19 00:00:00",30565,30846,30810,30683,30680,30844,30834,30250,30711,30222,31206,12467,30983,30819,30927,31339,36391,30656,30725,30609,18610,30637,30304,30909,0,0
"2026-09-20 00:00:00",29234,29576,29560,29374,29597,29550,29549,28837,29107,28673,29645,12434,29237,28972,29176,29387,33868,29821,30037,30208,18216,29909,29341,30027,0,0
"2026-09-21 00:00:00",22790,23275,23182,23352,23315,23209,23197,22977,23083,23196,23310,9458,22961,23112,23334,23039,27717,23179,23164,23035,12876,23097,22830,23143,0,0
"2026-09-22 00:00:00",40803,40261,40296,40277,40125,40617,40602,41754,41780,40627,42527,17118,42018,41962,42207,41733,49491,41349,41398,41369,33430,40502,40049,40867,0,0
"2026-09-23 00:00:00",37428,37774,37495,37689,37464,37564,37217,37487,37409,37219,37937,12357,38136,37461,37453,37186,43979,37755,37211,37753,28111,37414,36867,37814,0,0
"2026-09-24 00:00:00",30922,31228,31229,31492,31344,31433,31538,30919,31093,30926,31637,12429,31287,31121,31200,31279,36856,30955,31415,31032,30765,31112,30873,31159,0,0
"2026-09-25 00:00:00",6218,6262,6224,6218,6275,6232,6185,6265,6228,6265,6421,2193,6413,6229,6230,6369,6396,6259,6308,6183,6219,6186,6110,6167,0,0
"2026-09-26 00:00:00",25827,26077,26099,26034,26078,26032,26081,26506,26436,26409,26863,10693,26439,26625,26650,26192,31431,25919,26119,26073,25743,25970,25493,26052,0,0
"2026-09-27 00:00:00",30383,30622,30306,30573,31183,30506,29922,30157,30220,30464,30321,12711,30303,30344,30176,30108,35882,30374,30614,31049,30495,30423,30114,30654,0,0
"2026-09-28 00:00:00",12158,12289,12395,12448,12335,12451,12448,12263,12312,12003,12341,5148,12220,12361,12392,12262,14878,12325,12383,12345,12292,12364,12269,12321,0,0
"2026-09-29 00:00:00",33990,34536,34978,34524,34778,34989,34931,34559,34727,34375,35446,13707,35579,34747,34972,35643,40185,34237,34981,34349,34264,34060,34226,34540,0,0
"2026-09-30 00:00:00",41044,41312,41304,40897,41292,41185,41500,41216,41080,41189,41903,16559,42353,41239,41348,42261,47417,41084,41773,41102,40845,41289,40612,41427,0,0