"DateTime","Inverter Production Time for Inverter 1 (7B105205)","Inverter Production Time for Inverter 10 (7B10521E)","Inverter Production Time for Inverter 11 (7B1051FB)","Inverter Production Time for Inverter 12 (7B10537A)","Inverter Production Time for Inverter 13 (7B1051D3)","Inverter Production Time for Inverter 14 (7B1051E7)","Inverter Production Time for Inverter 15 (7B1051FE)","Inverter Production Time for Inverter 16 (7B1051F3)","Inverter Production Time for Inverter 17 (7B1051C5)","Inverter Production Time for Inverter 18 (7B105385)","Inverter Production Time for Inverter 19 (7B1051FC)","Inverter Production Time for Inverter 2 (7B1051F8)","Inverter Production Time for Inverter 20 (7B105218)","Inverter Production Time for Inverter 21 (7B105386)","Inverter Production Time for Inverter 22 (7B10520A)","Inverter Production Time for Inverter 23 (7B105208)","Inverter Production Time for Inverter 24 (7B1051F6)","Inverter Production Time for Inverter 3 (7B1051FD)","Inverter Production Time for Inverter 4 (7B105200)","Inverter Production Time for Inverter 5 (7B1051F9)","Inverter Production Time for Inverter 6 (7B1051F4)","Inverter Production Time for Inverter 7 (7B1051F1)","Inverter Production Time for Inverter 8 (7B1051FF)","Inverter Production Time for Inverter 9 (7B10520B)"
"2026-09-01 00:00:00",10,10,10,10,10,10,10,9.75,9.75,9.75,9.75,10,9.75,9.75,9.75,9.75,10.25,10,10,10,10,10,10,10
"2026-09-02 00:00:00",10.5,10.5,10.5,10.5,10.5,10.5,10.5,10.5,10.5,10.5,10.5,10.5,10.5,10.5,10.5,10.5,10.5,10.5,10.5,10.5,10.5,10.5,10.5,10.5
"2026-09-03 00:00:00",10.25,10.25,10.5,10.25,10.25,10.25,10.25,10.5,10.5,10.25,10.5,10.25,10.5,10.5,10.5,10.5,10.75,10.25,10.5,10.25,10.25,10.25,10.5,10.25
"2026-09-04 00:00:00",0,0,0,0,0,0,0,0,0,0,0.5,0,0.5,0,0,0.5,0.25,0,0,0.25,0.25,0,0,0
"2026-09-05 00:00:00",10.5,10.5,10.5,10.5,10.5,10.5,10.5,10.5,10.5,10.5,10.5,10.5,10.5,10.5,10.5,10.5,10.75,10.5,10.5,10.5,10.5,10.5,10.5,10.5
"2026-09-06 00:00:00",8.25,8.25,8.25,8.25,8.25,8.25,8.25,8.25,8.25,8.25,8.5,8.25,8.5,8.25,8.25,8.5,8.25,8.25,8.25,8.25,8.25,8.25,8.25,8.25
"2026-09-07 00:00:00",10.5,10.5,10.5,10.5,10.5,10.5,10.5,10.5,10.5,10.5,10.5,10.5,10.5,10.5,10.5,10.5,10.75,10.5,10.5,10.5,10.5,10.5,10.5,10.5
"2026-09-08 00:00:00",10.25,10.25,10.25,10.25,10.25,10.25,10.25,10.5,10.5,10.5,10.5,10.25,10.5,10.5,10.5,10.5,10.5,10.25,10.25,10.25,10.25,10.25,10.25,10.25
"2026-09-09 00:00:00",10,10,10,10,10,10,10,10,10,10,10,10,10,10,10,10,10.25,10,10,10,10,10,10,10
"2026-09-10 00:00:00",8.5,8.25,8.25,8.25,8.25,8.5,8.5,8.5,8.5,8.5,8.5,8.5,8.5,8.5,8.5,8.5,8.75,8.5,8.5,8.25,8.25,8.25,8.25,8.25
"2026-09-11 00:00:00",2.5,2.5,2.5,2.5,2.5,2.5,2.5,2.5,2.5,2.5,3,2.5,3,2.5,2.5,3,2.5,2.5,2.5,2.5,2.5,2.5,2.5,2.5
"2026-09-12 00:00:00",9.25,9.25,9.25,9.25,9.25,9.25,9.25,9,9,9,9,9.25,9,9,9,9,9.25,9.25,9.25,9.25,9.25,9.25,9.25,9.25
"2026-09-13 00:00:00",10,9.75,10,10,10,10,10,10,10,10,10,9.75,10,10,10,10,10,10,10,10,10,9.75,10,10
"2026-09-14 00:00:00",9,9,9,9,9,9,9,9,9,9,9,9,9,9,9,9,9.25,9,9,9,9,9,9,9
"2026-09-15 00:00:00",8.5,8.5,8.5,8.5,8.5,8.5,8.5,8.5,8.5,8.25,8.5,8.5,8.5,8.5,8.5,8.5,9.75,8.5,8.5,8.5,8.5,8.5,8.5,8.5
"2026-09-16 00:00:00",8,8,8,8,8,8,8,8,8,8,8,7.75,8,8,8,8,8.5,8,8,8,7.5,8,8,8
"2026-09-17 00:00:00",9.5,9.5,9.5,9.5,9.5,9.5,9.5,9.5,9.5,9.5,9.5,9.5,9.5,9.5,9.5,9.5,9.75,9.5,9.5,9.5,8.25,9.5,9.5,9.5
"2026-09-18 00:00:00",0,0,0,0,0,0,0,0,0,0,0.5,0,0.5,0,0,0.5,0.25,0,0,0,0,0,0,0
"2026-09-19 00:00:00",8.75,8.75,8.75,8.75,8.75,8.75,8.75,8.75,8.75,8.75,8.75,8,8.75,8.75,8.75,8.75,9.25,8.75,8.75,8.75,7.25,8.75,8.75,8.75
"2026-09-20 00:00:00",7.25,7.25,7.25,7.25,7.25,7.25,7.25,7,7.25,7,7.25,7,7,7,7,7,7.5,7.25,7.25,7.25,6.75,7.25,7.25,7.25
"2026-09-21 00:00:00",8.25,8,8.25,8.25,8.25,8.25,8.25,8.25,8.5,8.25,8.5,7.75,8.25,8.5,8.5,8,9.25,8,8,8.25,6.25,8,8.25,8
"2026-09-22 00:00:00",10.25,10.25,10.25,10.25,10.25,10.25,10.25,10.25,10.25,10.25,10.25,10,10.25,10.25,10.25,10.25,10.25,10.25,10.25,10.25,10,10.25,10.25,10.25
"2026-09-23 00:00:00",9.75,9.75,9.75,9.75,9.75,9.75,9.75,9.75,9.75,9.75,9.75,7.75,9.75,9.75,9.75,9.75,10,9.75,9.75,9.75,8.5,9.75,9.75,9.75
"2026-09-24 00:00:00",9.25,9.25,9.25,9.25,9.25,9.25,9.25,9.25,9.25,9.25,9.25,9,9.25,9.25,9.25,9.25,9.5,9.25,9.25,9.25,9.25,9.25,9.25,9.25
"2026-09-25 00:00:00",0,0,0,0,0,0,0,0,0,0,0.25,0,0.25,0,0,0.25,0.25,0,0.25,0,0,0,0,0
"2026-09-26 00:00:00",9,9,9,9,9,9,9,9,9,9,9,8.75,9,9,9,9,9.25,9,9,9,9,9,9,9
"2026-09-27 00:00:00",9.25,9.25,9.25,9.25,9.25,9.25,9.25,9.25,9.25,9.25,9.25,9,9.25,9.25,9.25,9.25,9.5,9.25,9.25,9.25,9.25,9.25,9.25,9.25
"2026-09-28 00:00:00",7.25,7.25,7.5,7.75,7.5,7.75,7.75,7.25,7.25,7,7.75,7.25,7.25,7.75,7.75,7.5,8.75,7.25,7.5,7.75,7.25,7.25,7.5,7.5
"2026-09-29 00:00:00",10,9.75,10,9.75,10,10,10,10,10,10,10,9.5,10,10,10,10,10,10,9.75,10,10,10,10,10
"2026-09-30 00:00:00",10.25,10,10.25,10.25,10.25,10.25,10.25,10.25,10.25,10.25,10.25,10,10.25,10.25,10.25,10.25,10.25,10.25,10.25,10.25,10.25,10.25,10.25,10.25