"Category","Inverters (low)","Inverters (q1)","Inverters (median)","Inverters (q3)","Inverters (high)"
"Inverter 17 (7B1051C5)",7632,25507,31533,37634,43053
"Inverter 1 (7B105205)",6218,24832,32144,37428,42534
"Inverter 19 (7B1051FC)",7396,25614,31924,37937,43302
"Inverter 9 (7B10520B)",6804,25367,32133,37814,42804
"Inverter 11 (7B1051FB)",7619,25422,31875,37495,43053
"Inverter 3 (7B1051FD)",6259,24955,32189,37785,42506
"Inverter 14 (7B1051E7)",7628,25673,31575,37713,42933
"Inverter 8 (7B1051FF)",12269,25156,31517,36896,42092
"Inverter 10 (7B10521E)",6262,25075,31771,37774,42799
"Inverter 12 (7B10537A)",7616,25458,31582,37689,42557
"Inverter 16 (7B1051F3)",7627,25508,31491,37487,43162
"Inverter 5 (7B1051F9)",6183,25226,32242,38000,42601
"Inverter 15 (7B1051FE)",12448,25522,31538,37227,42852
"Inverter 13 (7B1051D3)",7624,25486,31951,37464,43145
"Inverter 6 (7B1051F4)",4997,18216,30495,35920,42764
"Inverter 2 (7B1051F8)",2193,12357,17118,34155,42498
"Inverter 23 (7B105208)",12262,25627,31640,37247,43581
"Inverter 18 (7B105385)",12003,25560,31306,37436,43100
"Inverter 20 (7B105218)",7004,25497,31703,38136,43670
"Inverter 24 (7B1051F6)",14878,30817,37065,44346,50538
"Inverter 22 (7B10520A)",12392,25794,31755,37456,43331
"Inverter 21 (7B105386)",12361,25609,31484,37461,42926
"Inverter 4 (7B105200)",6308,25079,32285,37817,42886
"Inverter 7 (7B1051F1)",6811,25222,32127,37709,42312