"DateTime","dataset name (y)","dataset name (value)"
"2026-09-01 00:00:00","Inverter 17 (7B1051C5)",539102
"2026-09-01 00:00:00","Inverter 1 (7B105205)",532709
"2026-09-01 00:00:00","Inverter 19 (7B1051FC)",545021
"2026-09-01 00:00:00","Inverter 9 (7B10520B)",539518
"2026-09-01 00:00:00","Inverter 11 (7B1051FB)",539077
"2026-09-01 00:00:00","Inverter 3 (7B1051FD)",534554
"2026-09-01 00:00:00","Inverter 14 (7B1051E7)",541471
"2026-09-01 00:00:00","Inverter 8 (7B1051FF)",537261
"2026-09-01 00:00:00","Inverter 10 (7B10521E)",537939
"2026-09-01 00:00:00","Inverter 12 (7B10537A)",537223
"2026-09-01 00:00:00","Inverter 16 (7B1051F3)",537311
"2026-09-01 00:00:00","Inverter 5 (7B1051F9)",537041
"2026-09-01 00:00:00","Inverter 15 (7B1051FE)",538722
"2026-09-01 00:00:00","Inverter 13 (7B1051D3)",537660
"2026-09-01 00:00:00","Inverter 6 (7B1051F4)",534863
"2026-09-01 00:00:00","Inverter 2 (7B1051F8)",535939
"2026-09-01 00:00:00","Inverter 23 (7B105208)",542268
"2026-09-01 00:00:00","Inverter 18 (7B105385)",533605
"2026-09-01 00:00:00","Inverter 20 (7B105218)",542502
"2026-09-01 00:00:00","Inverter 24 (7B1051F6)",638637
"2026-09-01 00:00:00","Inverter 22 (7B10520A)",542482
"2026-09-01 00:00:00","Inverter 21 (7B105386)",541096
"2026-09-01 00:00:00","Inverter 4 (7B105200)",536890
"2026-09-01 00:00:00","Inverter 7 (7B1051F1)",537014
"2026-09-02 00:00:00","Inverter 17 (7B1051C5)",506465
"2026-09-02 00:00:00","Inverter 1 (7B105205)",501616
"2026-09-02 00:00:00","Inverter 19 (7B1051FC)",520113
"2026-09-02 00:00:00","Inverter 9 (7B10520B)",504793
"2026-09-02 00:00:00","Inverter 11 (7B1051FB)",501983
"2026-09-02 00:00:00","Inverter 3 (7B1051FD)",504004
"2026-09-02 00:00:00","Inverter 14 (7B1051E7)",507394
"2026-09-02 00:00:00","Inverter 8 (7B1051FF)",504238
"2026-09-02 00:00:00","Inverter 10 (7B10521E)",504625
"2026-09-02 00:00:00","Inverter 12 (7B10537A)",504381
"2026-09-02 00:00:00","Inverter 16 (7B1051F3)",505136
"2026-09-02 00:00:00","Inverter 5 (7B1051F9)",505715
"2026-09-02 00:00:00","Inverter 15 (7B1051FE)",505722
"2026-09-02 00:00:00","Inverter 13 (7B1051D3)",504397
"2026-09-02 00:00:00","Inverter 6 (7B1051F4)",502931
"2026-09-02 00:00:00","Inverter 2 (7B1051F8)",504765
"2026-09-02 00:00:00","Inverter 23 (7B105208)",517470
"2026-09-02 00:00:00","Inverter 18 (7B105385)",502831
"2026-09-02 00:00:00","Inverter 20 (7B105218)",518203
"2026-09-02 00:00:00","Inverter 24 (7B1051F6)",587573
"2026-09-02 00:00:00","Inverter 22 (7B10520A)",508277
"2026-09-02 00:00:00","Inverter 21 (7B105386)",507281
"2026-09-02 00:00:00","Inverter 4 (7B105200)",505350
"2026-09-02 00:00:00","Inverter 7 (7B1051F1)",504542
"2026-09-03 00:00:00","Inverter 17 (7B1051C5)",448553
"2026-09-03 00:00:00","Inverter 1 (7B105205)",446820
"2026-09-03 00:00:00","Inverter 19 (7B1051FC)",455217
"2026-09-03 00:00:00","Inverter 9 (7B10520B)",449960
"2026-09-03 00:00:00","Inverter 11 (7B1051FB)",450263
"2026-09-03 00:00:00","Inverter 3 (7B1051FD)",448400
"2026-09-03 00:00:00","Inverter 14 (7B1051E7)",452105
"2026-09-03 00:00:00","Inverter 8 (7B1051FF)",448646
"2026-09-03 00:00:00","Inverter 10 (7B10521E)",449042
"2026-09-03 00:00:00","Inverter 12 (7B10537A)",449508
"2026-09-03 00:00:00","Inverter 16 (7B1051F3)",448583
"2026-09-03 00:00:00","Inverter 5 (7B1051F9)",449342
"2026-09-03 00:00:00","Inverter 15 (7B1051FE)",451394
"2026-09-03 00:00:00","Inverter 13 (7B1051D3)",451061
"2026-09-03 00:00:00","Inverter 6 (7B1051F4)",448251
"2026-09-03 00:00:00","Inverter 2 (7B1051F8)",450636
"2026-09-03 00:00:00","Inverter 23 (7B105208)",453222
"2026-09-03 00:00:00","Inverter 18 (7B105385)",448380
"2026-09-03 00:00:00","Inverter 20 (7B105218)",452713
"2026-09-03 00:00:00","Inverter 24 (7B1051F6)",532662
"2026-09-03 00:00:00","Inverter 22 (7B10520A)",452659
"2026-09-03 00:00:00","Inverter 21 (7B105386)",450589
"2026-09-03 00:00:00","Inverter 4 (7B105200)",450228
"2026-09-03 00:00:00","Inverter 7 (7B1051F1)",449536
"2026-09-04 00:00:00","Inverter 17 (7B1051C5)",91287
"2026-09-04 00:00:00","Inverter 1 (7B105205)",91307
"2026-09-04 00:00:00","Inverter 19 (7B1051FC)",94191
"2026-09-04 00:00:00","Inverter 9 (7B10520B)",91516
"2026-09-04 00:00:00","Inverter 11 (7B1051FB)",91522
"2026-09-04 00:00:00","Inverter 3 (7B1051FD)",91427
"2026-09-04 00:00:00","Inverter 14 (7B1051E7)",91357
"2026-09-04 00:00:00","Inverter 8 (7B1051FF)",91471
"2026-09-04 00:00:00","Inverter 10 (7B10521E)",91380
"2026-09-04 00:00:00","Inverter 12 (7B10537A)",91222
"2026-09-04 00:00:00","Inverter 16 (7B1051F3)",91206
"2026-09-04 00:00:00","Inverter 5 (7B1051F9)",91545
"2026-09-04 00:00:00","Inverter 15 (7B1051FE)",91280
"2026-09-04 00:00:00","Inverter 13 (7B1051D3)",91226
"2026-09-04 00:00:00","Inverter 6 (7B1051F4)",91186
"2026-09-04 00:00:00","Inverter 2 (7B1051F8)",91591
"2026-09-04 00:00:00","Inverter 23 (7B105208)",94149
"2026-09-04 00:00:00","Inverter 18 (7B105385)",91329
"2026-09-04 00:00:00","Inverter 20 (7B105218)",93925
"2026-09-04 00:00:00","Inverter 24 (7B1051F6)",95424
"2026-09-04 00:00:00","Inverter 22 (7B10520A)",91487
"2026-09-04 00:00:00","Inverter 21 (7B105386)",91367
"2026-09-04 00:00:00","Inverter 4 (7B105200)",91508
"2026-09-04 00:00:00","Inverter 7 (7B1051F1)",91406
"2026-09-05 00:00:00","Inverter 17 (7B1051C5)",460792
"2026-09-05 00:00:00","Inverter 1 (7B105205)",452708
"2026-09-05 00:00:00","Inverter 19 (7B1051FC)",465926
"2026-09-05 00:00:00","Inverter 9 (7B10520B)",453357
"2026-09-05 00:00:00","Inverter 11 (7B1051FB)",459686
"2026-09-05 00:00:00","Inverter 3 (7B1051FD)",453029
"2026-09-05 00:00:00","Inverter 14 (7B1051E7)",455570
"2026-09-05 00:00:00","Inverter 8 (7B1051FF)",454163
"2026-09-05 00:00:00","Inverter 10 (7B10521E)",458003
"2026-09-05 00:00:00","Inverter 12 (7B10537A)",452456
"2026-09-05 00:00:00","Inverter 16 (7B1051F3)",459014
"2026-09-05 00:00:00","Inverter 5 (7B1051F9)",452781
"2026-09-05 00:00:00","Inverter 15 (7B1051FE)",456015
"2026-09-05 00:00:00","Inverter 13 (7B1051D3)",455951
"2026-09-05 00:00:00","Inverter 6 (7B1051F4)",451536
"2026-09-05 00:00:00","Inverter 2 (7B1051F8)",450272
"2026-09-05 00:00:00","Inverter 23 (7B105208)",467843
"2026-09-05 00:00:00","Inverter 18 (7B105385)",460446
"2026-09-05 00:00:00","Inverter 20 (7B105218)",465780
"2026-09-05 00:00:00","Inverter 24 (7B1051F6)",547493
"2026-09-05 00:00:00","Inverter 22 (7B10520A)",465628
"2026-09-05 00:00:00","Inverter 21 (7B105386)",463039
"2026-09-05 00:00:00","Inverter 4 (7B105200)",452421
"2026-09-05 00:00:00","Inverter 7 (7B1051F1)",448129
"2026-09-06 00:00:00","Inverter 17 (7B1051C5)",423018
"2026-09-06 00:00:00","Inverter 1 (7B105205)",423958
"2026-09-06 00:00:00","Inverter 19 (7B1051FC)",427837
"2026-09-06 00:00:00","Inverter 9 (7B10520B)",425452
"2026-09-06 00:00:00","Inverter 11 (7B1051FB)",425080
"2026-09-06 00:00:00","Inverter 3 (7B1051FD)",424577
"2026-09-06 00:00:00","Inverter 14 (7B1051E7)",424769
"2026-09-06 00:00:00","Inverter 8 (7B1051FF)",424520
"2026-09-06 00:00:00","Inverter 10 (7B10521E)",424547
"2026-09-06 00:00:00","Inverter 12 (7B10537A)",423751
"2026-09-06 00:00:00","Inverter 16 (7B1051F3)",422377
"2026-09-06 00:00:00","Inverter 5 (7B1051F9)",424632
"2026-09-06 00:00:00","Inverter 15 (7B1051FE)",424012
"2026-09-06 00:00:00","Inverter 13 (7B1051D3)",424336
"2026-09-06 00:00:00","Inverter 6 (7B1051F4)",424117
"2026-09-06 00:00:00","Inverter 2 (7B1051F8)",425939
"2026-09-06 00:00:00","Inverter 23 (7B105208)",424335
"2026-09-06 00:00:00","Inverter 18 (7B105385)",421292
"2026-09-06 00:00:00","Inverter 20 (7B105218)",425420
"2026-09-06 00:00:00","Inverter 24 (7B1051F6)",491862
"2026-09-06 00:00:00","Inverter 22 (7B10520A)",423896
"2026-09-06 00:00:00","Inverter 21 (7B105386)",423007
"2026-09-06 00:00:00","Inverter 4 (7B105200)",425375
"2026-09-06 00:00:00","Inverter 7 (7B1051F1)",424671
"2026-09-07 00:00:00","Inverter 17 (7B1051C5)",500617
"2026-09-07 00:00:00","Inverter 1 (7B105205)",496415
"2026-09-07 00:00:00","Inverter 19 (7B1051FC)",512739
"2026-09-07 00:00:00","Inverter 9 (7B10520B)",499071
"2026-09-07 00:00:00","Inverter 11 (7B1051FB)",499673
"2026-09-07 00:00:00","Inverter 3 (7B1051FD)",497815
"2026-09-07 00:00:00","Inverter 14 (7B1051E7)",500760
"2026-09-07 00:00:00","Inverter 8 (7B1051FF)",498883
"2026-09-07 00:00:00","Inverter 10 (7B10521E)",498615
"2026-09-07 00:00:00","Inverter 12 (7B10537A)",497422
"2026-09-07 00:00:00","Inverter 16 (7B1051F3)",499235
"2026-09-07 00:00:00","Inverter 5 (7B1051F9)",499677
"2026-09-07 00:00:00","Inverter 15 (7B1051FE)",500511
"2026-09-07 00:00:00","Inverter 13 (7B1051D3)",499633
"2026-09-07 00:00:00","Inverter 6 (7B1051F4)",497390
"2026-09-07 00:00:00","Inverter 2 (7B1051F8)",500064
"2026-09-07 00:00:00","Inverter 23 (7B105208)",509148
"2026-09-07 00:00:00","Inverter 18 (7B105385)",500167
"2026-09-07 00:00:00","Inverter 20 (7B105218)",510832
"2026-09-07 00:00:00","Inverter 24 (7B1051F6)",583663
"2026-09-07 00:00:00","Inverter 22 (7B10520A)",502738
"2026-09-07 00:00:00","Inverter 21 (7B105386)",502080
"2026-09-07 00:00:00","Inverter 4 (7B105200)",499621
"2026-09-07 00:00:00","Inverter 7 (7B1051F1)",499197
"2026-09-08 00:00:00","Inverter 17 (7B1051C5)",568639
"2026-09-08 00:00:00","Inverter 1 (7B105205)",565118
"2026-09-08 00:00:00","Inverter 19 (7B1051FC)",572231
"2026-09-08 00:00:00","Inverter 9 (7B10520B)",569902
"2026-09-08 00:00:00","Inverter 11 (7B1051FB)",571313
"2026-09-08 00:00:00","Inverter 3 (7B1051FD)",567707
"2026-09-08 00:00:00","Inverter 14 (7B1051E7)",570878
"2026-09-08 00:00:00","Inverter 8 (7B1051FF)",569846
"2026-09-08 00:00:00","Inverter 10 (7B10521E)",569624
"2026-09-08 00:00:00","Inverter 12 (7B10537A)",566866
"2026-09-08 00:00:00","Inverter 16 (7B1051F3)",569053
"2026-09-08 00:00:00","Inverter 5 (7B1051F9)",567801
"2026-09-08 00:00:00","Inverter 15 (7B1051FE)",570461
"2026-09-08 00:00:00","Inverter 13 (7B1051D3)",569559
"2026-09-08 00:00:00","Inverter 6 (7B1051F4)",567446
"2026-09-08 00:00:00","Inverter 2 (7B1051F8)",567163
"2026-09-08 00:00:00","Inverter 23 (7B105208)",572625
"2026-09-08 00:00:00","Inverter 18 (7B105385)",568240
"2026-09-08 00:00:00","Inverter 20 (7B105218)",573508
"2026-09-08 00:00:00","Inverter 24 (7B1051F6)",666130
"2026-09-08 00:00:00","Inverter 22 (7B10520A)",571742
"2026-09-08 00:00:00","Inverter 21 (7B105386)",570431
"2026-09-08 00:00:00","Inverter 4 (7B105200)",569491
"2026-09-08 00:00:00","Inverter 7 (7B1051F1)",567819
"2026-09-09 00:00:00","Inverter 17 (7B1051C5)",493231
"2026-09-09 00:00:00","Inverter 1 (7B105205)",489487
"2026-09-09 00:00:00","Inverter 19 (7B1051FC)",496195
"2026-09-09 00:00:00","Inverter 9 (7B10520B)",493393
"2026-09-09 00:00:00","Inverter 11 (7B1051FB)",492865
"2026-09-09 00:00:00","Inverter 3 (7B1051FD)",491639
"2026-09-09 00:00:00","Inverter 14 (7B1051E7)",493679
"2026-09-09 00:00:00","Inverter 8 (7B1051FF)",491304
"2026-09-09 00:00:00","Inverter 10 (7B10521E)",492490
"2026-09-09 00:00:00","Inverter 12 (7B10537A)",492695
"2026-09-09 00:00:00","Inverter 16 (7B1051F3)",490157
"2026-09-09 00:00:00","Inverter 5 (7B1051F9)",494571
"2026-09-09 00:00:00","Inverter 15 (7B1051FE)",491353
"2026-09-09 00:00:00","Inverter 13 (7B1051D3)",490692
"2026-09-09 00:00:00","Inverter 6 (7B1051F4)",489851
"2026-09-09 00:00:00","Inverter 2 (7B1051F8)",494260
"2026-09-09 00:00:00","Inverter 23 (7B105208)",491978
"2026-09-09 00:00:00","Inverter 18 (7B105385)",490006
"2026-09-09 00:00:00","Inverter 20 (7B105218)",491856
"2026-09-09 00:00:00","Inverter 24 (7B1051F6)",581641
"2026-09-09 00:00:00","Inverter 22 (7B10520A)",494230
"2026-09-09 00:00:00","Inverter 21 (7B105386)",493542
"2026-09-09 00:00:00","Inverter 4 (7B105200)",492924
"2026-09-09 00:00:00","Inverter 7 (7B1051F1)",493558
"2026-09-10 00:00:00","Inverter 17 (7B1051C5)",237881
"2026-09-10 00:00:00","Inverter 1 (7B105205)",236439
"2026-09-10 00:00:00","Inverter 19 (7B1051FC)",238648
"2026-09-10 00:00:00","Inverter 9 (7B10520B)",237721
"2026-09-10 00:00:00","Inverter 11 (7B1051FB)",237790
"2026-09-10 00:00:00","Inverter 3 (7B1051FD)",236513
"2026-09-10 00:00:00","Inverter 14 (7B1051E7)",238643
"2026-09-10 00:00:00","Inverter 8 (7B1051FF)",237171
"2026-09-10 00:00:00","Inverter 10 (7B10521E)",237824
"2026-09-10 00:00:00","Inverter 12 (7B10537A)",238346
"2026-09-10 00:00:00","Inverter 16 (7B1051F3)",236744
"2026-09-10 00:00:00","Inverter 5 (7B1051F9)",238489
"2026-09-10 00:00:00","Inverter 15 (7B1051FE)",238390
"2026-09-10 00:00:00","Inverter 13 (7B1051D3)",237958
"2026-09-10 00:00:00","Inverter 6 (7B1051F4)",237079
"2026-09-10 00:00:00","Inverter 2 (7B1051F8)",239425
"2026-09-10 00:00:00","Inverter 23 (7B105208)",236707
"2026-09-10 00:00:00","Inverter 18 (7B105385)",237707
"2026-09-10 00:00:00","Inverter 20 (7B105218)",236335
"2026-09-10 00:00:00","Inverter 24 (7B1051F6)",286788
"2026-09-10 00:00:00","Inverter 22 (7B10520A)",239336
"2026-09-10 00:00:00","Inverter 21 (7B105386)",238358
"2026-09-10 00:00:00","Inverter 4 (7B105200)",238041
"2026-09-10 00:00:00","Inverter 7 (7B1051F1)",237769
"2026-09-11 00:00:00","Inverter 17 (7B1051C5)",94014
"2026-09-11 00:00:00","Inverter 1 (7B105205)",93792
"2026-09-11 00:00:00","Inverter 19 (7B1051FC)",97809
"2026-09-11 00:00:00","Inverter 9 (7B10520B)",94043
"2026-09-11 00:00:00","Inverter 11 (7B1051FB)",93834
"2026-09-11 00:00:00","Inverter 3 (7B1051FD)",93642
"2026-09-11 00:00:00","Inverter 14 (7B1051E7)",94034
"2026-09-11 00:00:00","Inverter 8 (7B1051FF)",93938
"2026-09-11 00:00:00","Inverter 10 (7B10521E)",93958
"2026-09-11 00:00:00","Inverter 12 (7B10537A)",94048
"2026-09-11 00:00:00","Inverter 16 (7B1051F3)",93935
"2026-09-11 00:00:00","Inverter 5 (7B1051F9)",93816
"2026-09-11 00:00:00","Inverter 15 (7B1051FE)",94027
"2026-09-11 00:00:00","Inverter 13 (7B1051D3)",94003
"2026-09-11 00:00:00","Inverter 6 (7B1051F4)",93756
"2026-09-11 00:00:00","Inverter 2 (7B1051F8)",94026
"2026-09-11 00:00:00","Inverter 23 (7B105208)",97724
"2026-09-11 00:00:00","Inverter 18 (7B105385)",93975
"2026-09-11 00:00:00","Inverter 20 (7B105218)",97645
"2026-09-11 00:00:00","Inverter 24 (7B1051F6)",95959
"2026-09-11 00:00:00","Inverter 22 (7B10520A)",94165
"2026-09-11 00:00:00","Inverter 21 (7B105386)",94203
"2026-09-11 00:00:00","Inverter 4 (7B105200)",93794
"2026-09-11 00:00:00","Inverter 7 (7B1051F1)",94004
"2026-09-12 00:00:00","Inverter 17 (7B1051C5)",473024
"2026-09-12 00:00:00","Inverter 1 (7B105205)",472634
"2026-09-12 00:00:00","Inverter 19 (7B1051FC)",486619
"2026-09-12 00:00:00","Inverter 9 (7B10520B)",477831
"2026-09-12 00:00:00","Inverter 11 (7B1051FB)",473712
"2026-09-12 00:00:00","Inverter 3 (7B1051FD)",475823
"2026-09-12 00:00:00","Inverter 14 (7B1051E7)",478569
"2026-09-12 00:00:00","Inverter 8 (7B1051FF)",475588
"2026-09-12 00:00:00","Inverter 10 (7B10521E)",476613
"2026-09-12 00:00:00","Inverter 12 (7B10537A)",474740
"2026-09-12 00:00:00","Inverter 16 (7B1051F3)",474552
"2026-09-12 00:00:00","Inverter 5 (7B1051F9)",474233
"2026-09-12 00:00:00","Inverter 15 (7B1051FE)",477108
"2026-09-12 00:00:00","Inverter 13 (7B1051D3)",476339
"2026-09-12 00:00:00","Inverter 6 (7B1051F4)",474100
"2026-09-12 00:00:00","Inverter 2 (7B1051F8)",478263
"2026-09-12 00:00:00","Inverter 23 (7B105208)",480141
"2026-09-12 00:00:00","Inverter 18 (7B105385)",474729
"2026-09-12 00:00:00","Inverter 20 (7B105218)",484054
"2026-09-12 00:00:00","Inverter 24 (7B1051F6)",556547
"2026-09-12 00:00:00","Inverter 22 (7B10520A)",478200
"2026-09-12 00:00:00","Inverter 21 (7B105386)",477256
"2026-09-12 00:00:00","Inverter 4 (7B105200)",477186
"2026-09-12 00:00:00","Inverter 7 (7B1051F1)",477043
"2026-09-13 00:00:00","Inverter 17 (7B1051C5)",514247
"2026-09-13 00:00:00","Inverter 1 (7B105205)",508849
"2026-09-13 00:00:00","Inverter 19 (7B1051FC)",521589
"2026-09-13 00:00:00","Inverter 9 (7B10520B)",512791
"2026-09-13 00:00:00","Inverter 11 (7B1051FB)",505135
"2026-09-13 00:00:00","Inverter 3 (7B1051FD)",508745
"2026-09-13 00:00:00","Inverter 14 (7B1051E7)",513177
"2026-09-13 00:00:00","Inverter 8 (7B1051FF)",511912
"2026-09-13 00:00:00","Inverter 10 (7B10521E)",512534
"2026-09-13 00:00:00","Inverter 12 (7B10537A)",510881
"2026-09-13 00:00:00","Inverter 16 (7B1051F3)",512221
"2026-09-13 00:00:00","Inverter 5 (7B1051F9)",512323
"2026-09-13 00:00:00","Inverter 15 (7B1051FE)",511631
"2026-09-13 00:00:00","Inverter 13 (7B1051D3)",511727
"2026-09-13 00:00:00","Inverter 6 (7B1051F4)",509767
"2026-09-13 00:00:00","Inverter 2 (7B1051F8)",511047
"2026-09-13 00:00:00","Inverter 23 (7B105208)",520925
"2026-09-13 00:00:00","Inverter 18 (7B105385)",512562
"2026-09-13 00:00:00","Inverter 20 (7B105218)",520397
"2026-09-13 00:00:00","Inverter 24 (7B1051F6)",603767
"2026-09-13 00:00:00","Inverter 22 (7B10520A)",516853
"2026-09-13 00:00:00","Inverter 21 (7B105386)",515743
"2026-09-13 00:00:00","Inverter 4 (7B105200)",511857
"2026-09-13 00:00:00","Inverter 7 (7B1051F1)",510787
"2026-09-14 00:00:00","Inverter 17 (7B1051C5)",325635
"2026-09-14 00:00:00","Inverter 1 (7B105205)",318178
"2026-09-14 00:00:00","Inverter 19 (7B1051FC)",326678
"2026-09-14 00:00:00","Inverter 9 (7B10520B)",323613
"2026-09-14 00:00:00","Inverter 11 (7B1051FB)",324474
"2026-09-14 00:00:00","Inverter 3 (7B1051FD)",319696
"2026-09-14 00:00:00","Inverter 14 (7B1051E7)",325507
"2026-09-14 00:00:00","Inverter 8 (7B1051FF)",322701
"2026-09-14 00:00:00","Inverter 10 (7B10521E)",323771
"2026-09-14 00:00:00","Inverter 12 (7B10537A)",324946
"2026-09-14 00:00:00","Inverter 16 (7B1051F3)",324503
"2026-09-14 00:00:00","Inverter 5 (7B1051F9)",322495
"2026-09-14 00:00:00","Inverter 15 (7B1051FE)",326039
"2026-09-14 00:00:00","Inverter 13 (7B1051D3)",325169
"2026-09-14 00:00:00","Inverter 6 (7B1051F4)",321096
"2026-09-14 00:00:00","Inverter 2 (7B1051F8)",322636
"2026-09-14 00:00:00","Inverter 23 (7B105208)",326940
"2026-09-14 00:00:00","Inverter 18 (7B105385)",326681
"2026-09-14 00:00:00","Inverter 20 (7B105218)",324818
"2026-09-14 00:00:00","Inverter 24 (7B1051F6)",395317
"2026-09-14 00:00:00","Inverter 22 (7B10520A)",329546
"2026-09-14 00:00:00","Inverter 21 (7B105386)",328059
"2026-09-14 00:00:00","Inverter 4 (7B105200)",321328
"2026-09-14 00:00:00","Inverter 7 (7B1051F1)",322229
"2026-09-15 00:00:00","Inverter 17 (7B1051C5)",385052
"2026-09-15 00:00:00","Inverter 1 (7B105205)",376134
"2026-09-15 00:00:00","Inverter 19 (7B1051FC)",386634
"2026-09-15 00:00:00","Inverter 9 (7B10520B)",381947
"2026-09-15 00:00:00","Inverter 11 (7B1051FB)",380710
"2026-09-15 00:00:00","Inverter 3 (7B1051FD)",378576
"2026-09-15 00:00:00","Inverter 14 (7B1051E7)",383806
"2026-09-15 00:00:00","Inverter 8 (7B1051FF)",379473
"2026-09-15 00:00:00","Inverter 10 (7B10521E)",381236
"2026-09-15 00:00:00","Inverter 12 (7B10537A)",382452
"2026-09-15 00:00:00","Inverter 16 (7B1051F3)",382197
"2026-09-15 00:00:00","Inverter 5 (7B1051F9)",381047
"2026-09-15 00:00:00","Inverter 15 (7B1051FE)",381479
"2026-09-15 00:00:00","Inverter 13 (7B1051D3)",378607
"2026-09-15 00:00:00","Inverter 6 (7B1051F4)",376420
"2026-09-15 00:00:00","Inverter 2 (7B1051F8)",379187
"2026-09-15 00:00:00","Inverter 23 (7B105208)",386317
"2026-09-15 00:00:00","Inverter 18 (7B105385)",378588
"2026-09-15 00:00:00","Inverter 20 (7B105218)",385174
"2026-09-15 00:00:00","Inverter 24 (7B1051F6)",458388
"2026-09-15 00:00:00","Inverter 22 (7B10520A)",386443
"2026-09-15 00:00:00","Inverter 21 (7B105386)",385620
"2026-09-15 00:00:00","Inverter 4 (7B105200)",380157
"2026-09-15 00:00:00","Inverter 7 (7B1051F1)",380578
"2026-09-16 00:00:00","Inverter 17 (7B1051C5)",347651
"2026-09-16 00:00:00","Inverter 1 (7B105205)",344236
"2026-09-16 00:00:00","Inverter 19 (7B1051FC)",350905
"2026-09-16 00:00:00","Inverter 9 (7B10520B)",347673
"2026-09-16 00:00:00","Inverter 11 (7B1051FB)",347069
"2026-09-16 00:00:00","Inverter 3 (7B1051FD)",345306
"2026-09-16 00:00:00","Inverter 14 (7B1051E7)",348299
"2026-09-16 00:00:00","Inverter 8 (7B1051FF)",346122
"2026-09-16 00:00:00","Inverter 10 (7B10521E)",347021
"2026-09-16 00:00:00","Inverter 12 (7B10537A)",347197
"2026-09-16 00:00:00","Inverter 16 (7B1051F3)",346572
"2026-09-16 00:00:00","Inverter 5 (7B1051F9)",347396
"2026-09-16 00:00:00","Inverter 15 (7B1051FE)",347563
"2026-09-16 00:00:00","Inverter 13 (7B1051D3)",346988
"2026-09-16 00:00:00","Inverter 6 (7B1051F4)",319152
"2026-09-16 00:00:00","Inverter 2 (7B1051F8)",334742
"2026-09-16 00:00:00","Inverter 23 (7B105208)",349953
"2026-09-16 00:00:00","Inverter 18 (7B105385)",347544
"2026-09-16 00:00:00","Inverter 20 (7B105218)",348777
"2026-09-16 00:00:00","Inverter 24 (7B1051F6)",415134
"2026-09-16 00:00:00","Inverter 22 (7B10520A)",349816
"2026-09-16 00:00:00","Inverter 21 (7B105386)",348890
"2026-09-16 00:00:00","Inverter 4 (7B105200)",346764
"2026-09-16 00:00:00","Inverter 7 (7B1051F1)",347357
"2026-09-17 00:00:00","Inverter 17 (7B1051C5)",430637
"2026-09-17 00:00:00","Inverter 1 (7B105205)",424863
"2026-09-17 00:00:00","Inverter 19 (7B1051FC)",430960
"2026-09-17 00:00:00","Inverter 9 (7B10520B)",430364
"2026-09-17 00:00:00","Inverter 11 (7B1051FB)",432846
"2026-09-17 00:00:00","Inverter 3 (7B1051FD)",427221
"2026-09-17 00:00:00","Inverter 14 (7B1051E7)",430173
"2026-09-17 00:00:00","Inverter 8 (7B1051FF)",431232
"2026-09-17 00:00:00","Inverter 10 (7B10521E)",429810
"2026-09-17 00:00:00","Inverter 12 (7B10537A)",428852
"2026-09-17 00:00:00","Inverter 16 (7B1051F3)",431165
"2026-09-17 00:00:00","Inverter 5 (7B1051F9)",428547
"2026-09-17 00:00:00","Inverter 15 (7B1051FE)",431351
"2026-09-17 00:00:00","Inverter 13 (7B1051D3)",431348
"2026-09-17 00:00:00","Inverter 6 (7B1051F4)",255308
"2026-09-17 00:00:00","Inverter 2 (7B1051F8)",341484
"2026-09-17 00:00:00","Inverter 23 (7B105208)",433958
"2026-09-17 00:00:00","Inverter 18 (7B105385)",432342
"2026-09-17 00:00:00","Inverter 20 (7B105218)",432676
"2026-09-17 00:00:00","Inverter 24 (7B1051F6)",516414
"2026-09-17 00:00:00","Inverter 22 (7B10520A)",434441
"2026-09-17 00:00:00","Inverter 21 (7B105386)",433147
"2026-09-17 00:00:00","Inverter 4 (7B105200)",429285
"2026-09-17 00:00:00","Inverter 7 (7B1051F1)",426803
"2026-09-18 00:00:00","Inverter 17 (7B1051C5)",99376
"2026-09-18 00:00:00","Inverter 1 (7B105205)",99277
"2026-09-18 00:00:00","Inverter 19 (7B1051FC)",100800
"2026-09-18 00:00:00","Inverter 9 (7B10520B)",99282
"2026-09-18 00:00:00","Inverter 11 (7B1051FB)",99302
"2026-09-18 00:00:00","Inverter 3 (7B1051FD)",99251
"2026-09-18 00:00:00","Inverter 14 (7B1051E7)",99518
"2026-09-18 00:00:00","Inverter 8 (7B1051FF)",99355
"2026-09-18 00:00:00","Inverter 10 (7B10521E)",99217
"2026-09-18 00:00:00","Inverter 12 (7B10537A)",99263
"2026-09-18 00:00:00","Inverter 16 (7B1051F3)",99345
"2026-09-18 00:00:00","Inverter 5 (7B1051F9)",99315
"2026-09-18 00:00:00","Inverter 15 (7B1051FE)",99054
"2026-09-18 00:00:00","Inverter 13 (7B1051D3)",99350
"2026-09-18 00:00:00","Inverter 6 (7B1051F4)",65138
"2026-09-18 00:00:00","Inverter 2 (7B1051F8)",67554
"2026-09-18 00:00:00","Inverter 23 (7B105208)",100701
"2026-09-18 00:00:00","Inverter 18 (7B105385)",99110
"2026-09-18 00:00:00","Inverter 20 (7B105218)",100692
"2026-09-18 00:00:00","Inverter 24 (7B1051F6)",102356
"2026-09-18 00:00:00","Inverter 22 (7B10520A)",99327
"2026-09-18 00:00:00","Inverter 21 (7B105386)",99314
"2026-09-18 00:00:00","Inverter 4 (7B105200)",99340
"2026-09-18 00:00:00","Inverter 7 (7B1051F1)",99297
"2026-09-19 00:00:00","Inverter 17 (7B1051C5)",405984
"2026-09-19 00:00:00","Inverter 1 (7B105205)",405527
"2026-09-19 00:00:00","Inverter 19 (7B1051FC)",411174
"2026-09-19 00:00:00","Inverter 9 (7B10520B)",406824
"2026-09-19 00:00:00","Inverter 11 (7B1051FB)",407538
"2026-09-19 00:00:00","Inverter 3 (7B1051FD)",406088
"2026-09-19 00:00:00","Inverter 14 (7B1051E7)",406302
"2026-09-19 00:00:00","Inverter 8 (7B1051FF)",407136
"2026-09-19 00:00:00","Inverter 10 (7B10521E)",406459
"2026-09-19 00:00:00","Inverter 12 (7B10537A)",404071
"2026-09-19 00:00:00","Inverter 16 (7B1051F3)",405342
"2026-09-19 00:00:00","Inverter 5 (7B1051F9)",406265
"2026-09-19 00:00:00","Inverter 15 (7B1051FE)",406551
"2026-09-19 00:00:00","Inverter 13 (7B1051D3)",406513
"2026-09-19 00:00:00","Inverter 6 (7B1051F4)",246001
"2026-09-19 00:00:00","Inverter 2 (7B1051F8)",319507
"2026-09-19 00:00:00","Inverter 23 (7B105208)",412914
"2026-09-19 00:00:00","Inverter 18 (7B105385)",405280
"2026-09-19 00:00:00","Inverter 20 (7B105218)",411886
"2026-09-19 00:00:00","Inverter 24 (7B1051F6)",479815
"2026-09-19 00:00:00","Inverter 22 (7B10520A)",409110
"2026-09-19 00:00:00","Inverter 21 (7B105386)",407822
"2026-09-19 00:00:00","Inverter 4 (7B105200)",407334
"2026-09-19 00:00:00","Inverter 7 (7B1051F1)",405708
"2026-09-20 00:00:00","Inverter 17 (7B1051C5)",379287
"2026-09-20 00:00:00","Inverter 1 (7B105205)",380004
"2026-09-20 00:00:00","Inverter 19 (7B1051FC)",386574
"2026-09-20 00:00:00","Inverter 9 (7B10520B)",380674
"2026-09-20 00:00:00","Inverter 11 (7B1051FB)",377047
"2026-09-20 00:00:00","Inverter 3 (7B1051FD)",377384
"2026-09-20 00:00:00","Inverter 14 (7B1051E7)",375946
"2026-09-20 00:00:00","Inverter 8 (7B1051FF)",378804
"2026-09-20 00:00:00","Inverter 10 (7B10521E)",378925
"2026-09-20 00:00:00","Inverter 12 (7B10537A)",379525
"2026-09-20 00:00:00","Inverter 16 (7B1051F3)",378522
"2026-09-20 00:00:00","Inverter 5 (7B1051F9)",380359
"2026-09-20 00:00:00","Inverter 15 (7B1051FE)",375799
"2026-09-20 00:00:00","Inverter 13 (7B1051D3)",379884
"2026-09-20 00:00:00","Inverter 6 (7B1051F4)",230546
"2026-09-20 00:00:00","Inverter 2 (7B1051F8)",301710
"2026-09-20 00:00:00","Inverter 23 (7B105208)",384292
"2026-09-20 00:00:00","Inverter 18 (7B105385)",378375
"2026-09-20 00:00:00","Inverter 20 (7B105218)",384926
"2026-09-20 00:00:00","Inverter 24 (7B1051F6)",446306
"2026-09-20 00:00:00","Inverter 22 (7B10520A)",381169
"2026-09-20 00:00:00","Inverter 21 (7B105386)",380563
"2026-09-20 00:00:00","Inverter 4 (7B105200)",380106
"2026-09-20 00:00:00","Inverter 7 (7B1051F1)",380531
"2026-09-21 00:00:00","Inverter 17 (7B1051C5)",301487
"2026-09-21 00:00:00","Inverter 1 (7B105205)",298036
"2026-09-21 00:00:00","Inverter 19 (7B1051FC)",302182
"2026-09-21 00:00:00","Inverter 9 (7B10520B)",300708
"2026-09-21 00:00:00","Inverter 11 (7B1051FB)",300978
"2026-09-21 00:00:00","Inverter 3 (7B1051FD)",298801
"2026-09-21 00:00:00","Inverter 14 (7B1051E7)",301351
"2026-09-21 00:00:00","Inverter 8 (7B1051FF)",300315
"2026-09-21 00:00:00","Inverter 10 (7B10521E)",300458
"2026-09-21 00:00:00","Inverter 12 (7B10537A)",301503
"2026-09-21 00:00:00","Inverter 16 (7B1051F3)",300385
"2026-09-21 00:00:00","Inverter 5 (7B1051F9)",301154
"2026-09-21 00:00:00","Inverter 15 (7B1051FE)",301315
"2026-09-21 00:00:00","Inverter 13 (7B1051D3)",300953
"2026-09-21 00:00:00","Inverter 6 (7B1051F4)",155994
"2026-09-21 00:00:00","Inverter 2 (7B1051F8)",231430
"2026-09-21 00:00:00","Inverter 23 (7B105208)",300725
"2026-09-21 00:00:00","Inverter 18 (7B105385)",301639
"2026-09-21 00:00:00","Inverter 20 (7B105218)",299843
"2026-09-21 00:00:00","Inverter 24 (7B1051F6)",362768
"2026-09-21 00:00:00","Inverter 22 (7B10520A)",303114
"2026-09-21 00:00:00","Inverter 21 (7B105386)",302283
"2026-09-21 00:00:00","Inverter 4 (7B105200)",300656
"2026-09-21 00:00:00","Inverter 7 (7B1051F1)",300112
"2026-09-22 00:00:00","Inverter 17 (7B1051C5)",549891
"2026-09-22 00:00:00","Inverter 1 (7B105205)",540486
"2026-09-22 00:00:00","Inverter 19 (7B1051FC)",559329
"2026-09-22 00:00:00","Inverter 9 (7B10520B)",545552
"2026-09-22 00:00:00","Inverter 11 (7B1051FB)",546024
"2026-09-22 00:00:00","Inverter 3 (7B1051FD)",544013
"2026-09-22 00:00:00","Inverter 14 (7B1051E7)",548309
"2026-09-22 00:00:00","Inverter 8 (7B1051FF)",546095
"2026-09-22 00:00:00","Inverter 10 (7B10521E)",543577
"2026-09-22 00:00:00","Inverter 12 (7B10537A)",542122
"2026-09-22 00:00:00","Inverter 16 (7B1051F3)",548291
"2026-09-22 00:00:00","Inverter 5 (7B1051F9)",542263
"2026-09-22 00:00:00","Inverter 15 (7B1051FE)",548190
"2026-09-22 00:00:00","Inverter 13 (7B1051D3)",545882
"2026-09-22 00:00:00","Inverter 6 (7B1051F4)",445401
"2026-09-22 00:00:00","Inverter 2 (7B1051F8)",424999
"2026-09-22 00:00:00","Inverter 23 (7B105208)",559097
"2026-09-22 00:00:00","Inverter 18 (7B105385)",540793
"2026-09-22 00:00:00","Inverter 20 (7B105218)",558380
"2026-09-22 00:00:00","Inverter 24 (7B1051F6)",654569
"2026-09-22 00:00:00","Inverter 22 (7B10520A)",559217
"2026-09-22 00:00:00","Inverter 21 (7B105386)",556975
"2026-09-22 00:00:00","Inverter 4 (7B105200)",545775
"2026-09-22 00:00:00","Inverter 7 (7B1051F1)",543127
"2026-09-23 00:00:00","Inverter 17 (7B1051C5)",481679
"2026-09-23 00:00:00","Inverter 1 (7B105205)",483058
"2026-09-23 00:00:00","Inverter 19 (7B1051FC)",491222
"2026-09-23 00:00:00","Inverter 9 (7B10520B)",485787
"2026-09-23 00:00:00","Inverter 11 (7B1051FB)",484364
"2026-09-23 00:00:00","Inverter 3 (7B1051FD)",484635
"2026-09-23 00:00:00","Inverter 14 (7B1051E7)",482882
"2026-09-23 00:00:00","Inverter 8 (7B1051FF)",484570
"2026-09-23 00:00:00","Inverter 10 (7B10521E)",484715
"2026-09-23 00:00:00","Inverter 12 (7B10537A)",480754
"2026-09-23 00:00:00","Inverter 16 (7B1051F3)",481622
"2026-09-23 00:00:00","Inverter 5 (7B1051F9)",485554
"2026-09-23 00:00:00","Inverter 15 (7B1051FE)",482520
"2026-09-23 00:00:00","Inverter 13 (7B1051D3)",482355
"2026-09-23 00:00:00","Inverter 6 (7B1051F4)",364885
"2026-09-23 00:00:00","Inverter 2 (7B1051F8)",286871
"2026-09-23 00:00:00","Inverter 23 (7B105208)",481148
"2026-09-23 00:00:00","Inverter 18 (7B105385)",479302
"2026-09-23 00:00:00","Inverter 20 (7B105218)",490942
"2026-09-23 00:00:00","Inverter 24 (7B1051F6)",568004
"2026-09-23 00:00:00","Inverter 22 (7B10520A)",483830
"2026-09-23 00:00:00","Inverter 21 (7B105386)",483149
"2026-09-23 00:00:00","Inverter 4 (7B105200)",480997
"2026-09-23 00:00:00","Inverter 7 (7B1051F1)",482959
"2026-09-24 00:00:00","Inverter 17 (7B1051C5)",393858
"2026-09-24 00:00:00","Inverter 1 (7B105205)",392445
"2026-09-24 00:00:00","Inverter 19 (7B1051FC)",402007
"2026-09-24 00:00:00","Inverter 9 (7B10520B)",395010
"2026-09-24 00:00:00","Inverter 11 (7B1051FB)",393927
"2026-09-24 00:00:00","Inverter 3 (7B1051FD)",393013
"2026-09-24 00:00:00","Inverter 14 (7B1051E7)",394708
"2026-09-24 00:00:00","Inverter 8 (7B1051FF)",393795
"2026-09-24 00:00:00","Inverter 10 (7B10521E)",394256
"2026-09-24 00:00:00","Inverter 12 (7B10537A)",394286
"2026-09-24 00:00:00","Inverter 16 (7B1051F3)",393010
"2026-09-24 00:00:00","Inverter 5 (7B1051F9)",394214
"2026-09-24 00:00:00","Inverter 15 (7B1051FE)",394253
"2026-09-24 00:00:00","Inverter 13 (7B1051D3)",393835
"2026-09-24 00:00:00","Inverter 6 (7B1051F4)",391445
"2026-09-24 00:00:00","Inverter 2 (7B1051F8)",312392
"2026-09-24 00:00:00","Inverter 23 (7B105208)",399624
"2026-09-24 00:00:00","Inverter 18 (7B105385)",393538
"2026-09-24 00:00:00","Inverter 20 (7B105218)",399546
"2026-09-24 00:00:00","Inverter 24 (7B1051F6)",467694
"2026-09-24 00:00:00","Inverter 22 (7B10520A)",396276
"2026-09-24 00:00:00","Inverter 21 (7B105386)",395267
"2026-09-24 00:00:00","Inverter 4 (7B105200)",400231
"2026-09-24 00:00:00","Inverter 7 (7B1051F1)",393862
"2026-09-25 00:00:00","Inverter 17 (7B1051C5)",79320
"2026-09-25 00:00:00","Inverter 1 (7B105205)",79118
"2026-09-25 00:00:00","Inverter 19 (7B1051FC)",81569
"2026-09-25 00:00:00","Inverter 9 (7B10520B)",78960
"2026-09-25 00:00:00","Inverter 11 (7B1051FB)",79262
"2026-09-25 00:00:00","Inverter 3 (7B1051FD)",79091
"2026-09-25 00:00:00","Inverter 14 (7B1051E7)",79325
"2026-09-25 00:00:00","Inverter 8 (7B1051FF)",79320
"2026-09-25 00:00:00","Inverter 10 (7B10521E)",79072
"2026-09-25 00:00:00","Inverter 12 (7B10537A)",79138
"2026-09-25 00:00:00","Inverter 16 (7B1051F3)",79324
"2026-09-25 00:00:00","Inverter 5 (7B1051F9)",79137
"2026-09-25 00:00:00","Inverter 15 (7B1051FE)",79278
"2026-09-25 00:00:00","Inverter 13 (7B1051D3)",79341
"2026-09-25 00:00:00","Inverter 6 (7B1051F4)",79222
"2026-09-25 00:00:00","Inverter 2 (7B1051F8)",54062
"2026-09-25 00:00:00","Inverter 23 (7B105208)",81466
"2026-09-25 00:00:00","Inverter 18 (7B105385)",79277
"2026-09-25 00:00:00","Inverter 20 (7B105218)",81453
"2026-09-25 00:00:00","Inverter 24 (7B1051F6)",81490
"2026-09-25 00:00:00","Inverter 22 (7B10520A)",79541
"2026-09-25 00:00:00","Inverter 21 (7B105386)",79543
"2026-09-25 00:00:00","Inverter 4 (7B105200)",80730
"2026-09-25 00:00:00","Inverter 7 (7B1051F1)",79231
"2026-09-26 00:00:00","Inverter 17 (7B1051C5)",335443
"2026-09-26 00:00:00","Inverter 1 (7B105205)",330992
"2026-09-26 00:00:00","Inverter 19 (7B1051FC)",337269
"2026-09-26 00:00:00","Inverter 9 (7B10520B)",334468
"2026-09-26 00:00:00","Inverter 11 (7B1051FB)",335172
"2026-09-26 00:00:00","Inverter 3 (7B1051FD)",332081
"2026-09-26 00:00:00","Inverter 14 (7B1051E7)",334865
"2026-09-26 00:00:00","Inverter 8 (7B1051FF)",333638
"2026-09-26 00:00:00","Inverter 10 (7B10521E)",334702
"2026-09-26 00:00:00","Inverter 12 (7B10537A)",334156
"2026-09-26 00:00:00","Inverter 16 (7B1051F3)",334163
"2026-09-26 00:00:00","Inverter 5 (7B1051F9)",334159
"2026-09-26 00:00:00","Inverter 15 (7B1051FE)",334582
"2026-09-26 00:00:00","Inverter 13 (7B1051D3)",334328
"2026-09-26 00:00:00","Inverter 6 (7B1051F4)",330804
"2026-09-26 00:00:00","Inverter 2 (7B1051F8)",266232
"2026-09-26 00:00:00","Inverter 23 (7B105208)",336406
"2026-09-26 00:00:00","Inverter 18 (7B105385)",334999
"2026-09-26 00:00:00","Inverter 20 (7B105218)",335896
"2026-09-26 00:00:00","Inverter 24 (7B1051F6)",400958
"2026-09-26 00:00:00","Inverter 22 (7B10520A)",337580
"2026-09-26 00:00:00","Inverter 21 (7B105386)",336692
"2026-09-26 00:00:00","Inverter 4 (7B105200)",334522
"2026-09-26 00:00:00","Inverter 7 (7B1051F1)",332959
"2026-09-27 00:00:00","Inverter 17 (7B1051C5)",389282
"2026-09-27 00:00:00","Inverter 1 (7B105205)",380374
"2026-09-27 00:00:00","Inverter 19 (7B1051FC)",394354
"2026-09-27 00:00:00","Inverter 9 (7B10520B)",392074
"2026-09-27 00:00:00","Inverter 11 (7B1051FB)",392927
"2026-09-27 00:00:00","Inverter 3 (7B1051FD)",390914
"2026-09-27 00:00:00","Inverter 14 (7B1051E7)",393132
"2026-09-27 00:00:00","Inverter 8 (7B1051FF)",392537
"2026-09-27 00:00:00","Inverter 10 (7B10521E)",392596
"2026-09-27 00:00:00","Inverter 12 (7B10537A)",392901
"2026-09-27 00:00:00","Inverter 16 (7B1051F3)",385488
"2026-09-27 00:00:00","Inverter 5 (7B1051F9)",393139
"2026-09-27 00:00:00","Inverter 15 (7B1051FE)",392861
"2026-09-27 00:00:00","Inverter 13 (7B1051D3)",391615
"2026-09-27 00:00:00","Inverter 6 (7B1051F4)",390232
"2026-09-27 00:00:00","Inverter 2 (7B1051F8)",313671
"2026-09-27 00:00:00","Inverter 23 (7B105208)",385579
"2026-09-27 00:00:00","Inverter 18 (7B105385)",390676
"2026-09-27 00:00:00","Inverter 20 (7B105218)",392265
"2026-09-27 00:00:00","Inverter 24 (7B1051F6)",458701
"2026-09-27 00:00:00","Inverter 22 (7B10520A)",388536
"2026-09-27 00:00:00","Inverter 21 (7B105386)",392292
"2026-09-27 00:00:00","Inverter 4 (7B105200)",396096
"2026-09-27 00:00:00","Inverter 7 (7B1051F1)",392290
"2026-09-28 00:00:00","Inverter 17 (7B1051C5)",156950
"2026-09-28 00:00:00","Inverter 1 (7B105205)",154858
"2026-09-28 00:00:00","Inverter 19 (7B1051FC)",157371
"2026-09-28 00:00:00","Inverter 9 (7B10520B)",156866
"2026-09-28 00:00:00","Inverter 11 (7B1051FB)",156809
"2026-09-28 00:00:00","Inverter 3 (7B1051FD)",155900
"2026-09-28 00:00:00","Inverter 14 (7B1051E7)",157512
"2026-09-28 00:00:00","Inverter 8 (7B1051FF)",156252
"2026-09-28 00:00:00","Inverter 10 (7B10521E)",154390
"2026-09-28 00:00:00","Inverter 12 (7B10537A)",157452
"2026-09-28 00:00:00","Inverter 16 (7B1051F3)",156350
"2026-09-28 00:00:00","Inverter 5 (7B1051F9)",157239
"2026-09-28 00:00:00","Inverter 15 (7B1051FE)",157450
"2026-09-28 00:00:00","Inverter 13 (7B1051D3)",157104
"2026-09-28 00:00:00","Inverter 6 (7B1051F4)",155456
"2026-09-28 00:00:00","Inverter 2 (7B1051F8)",126729
"2026-09-28 00:00:00","Inverter 23 (7B105208)",156372
"2026-09-28 00:00:00","Inverter 18 (7B105385)",153370
"2026-09-28 00:00:00","Inverter 20 (7B105218)",155781
"2026-09-28 00:00:00","Inverter 24 (7B1051F6)",189725
"2026-09-28 00:00:00","Inverter 22 (7B10520A)",158019
"2026-09-28 00:00:00","Inverter 21 (7B105386)",157639
"2026-09-28 00:00:00","Inverter 4 (7B105200)",156616
"2026-09-28 00:00:00","Inverter 7 (7B1051F1)",156423
"2026-09-29 00:00:00","Inverter 17 (7B1051C5)",448020
"2026-09-29 00:00:00","Inverter 1 (7B105205)",444245
"2026-09-29 00:00:00","Inverter 19 (7B1051FC)",457130
"2026-09-29 00:00:00","Inverter 9 (7B10520B)",447926
"2026-09-29 00:00:00","Inverter 11 (7B1051FB)",449133
"2026-09-29 00:00:00","Inverter 3 (7B1051FD)",445898
"2026-09-29 00:00:00","Inverter 14 (7B1051E7)",446184
"2026-09-29 00:00:00","Inverter 8 (7B1051FF)",448094
"2026-09-29 00:00:00","Inverter 10 (7B10521E)",447184
"2026-09-29 00:00:00","Inverter 12 (7B10537A)",443893
"2026-09-29 00:00:00","Inverter 16 (7B1051F3)",447297
"2026-09-29 00:00:00","Inverter 5 (7B1051F9)",447350
"2026-09-29 00:00:00","Inverter 15 (7B1051FE)",447212
"2026-09-29 00:00:00","Inverter 13 (7B1051D3)",445963
"2026-09-29 00:00:00","Inverter 6 (7B1051F4)",444573
"2026-09-29 00:00:00","Inverter 2 (7B1051F8)",344310
"2026-09-29 00:00:00","Inverter 23 (7B105208)",458303
"2026-09-29 00:00:00","Inverter 18 (7B105385)",445595
"2026-09-29 00:00:00","Inverter 20 (7B105218)",457423
"2026-09-29 00:00:00","Inverter 24 (7B1051F6)",516854
"2026-09-29 00:00:00","Inverter 22 (7B10520A)",450854
"2026-09-29 00:00:00","Inverter 21 (7B105386)",448962
"2026-09-29 00:00:00","Inverter 4 (7B105200)",454631
"2026-09-29 00:00:00","Inverter 7 (7B1051F1)",445176
"2026-09-30 00:00:00","Inverter 17 (7B1051C5)",534189
"2026-09-30 00:00:00","Inverter 1 (7B105205)",533017
"2026-09-30 00:00:00","Inverter 19 (7B1051FC)",546176
"2026-09-30 00:00:00","Inverter 9 (7B10520B)",538452
"2026-09-30 00:00:00","Inverter 11 (7B1051FB)",536517
"2026-09-30 00:00:00","Inverter 3 (7B1051FD)",534962
"2026-09-30 00:00:00","Inverter 14 (7B1051E7)",535804
"2026-09-30 00:00:00","Inverter 8 (7B1051FF)",537219
"2026-09-30 00:00:00","Inverter 10 (7B10521E)",535755
"2026-09-30 00:00:00","Inverter 12 (7B10537A)",531399
"2026-09-30 00:00:00","Inverter 16 (7B1051F3)",535259
"2026-09-30 00:00:00","Inverter 5 (7B1051F9)",533207
"2026-09-30 00:00:00","Inverter 15 (7B1051FE)",535947
"2026-09-30 00:00:00","Inverter 13 (7B1051D3)",534586
"2026-09-30 00:00:00","Inverter 6 (7B1051F4)",530940
"2026-09-30 00:00:00","Inverter 2 (7B1051F8)",410293
"2026-09-30 00:00:00","Inverter 23 (7B105208)",543059
"2026-09-30 00:00:00","Inverter 18 (7B105385)",531731
"2026-09-30 00:00:00","Inverter 20 (7B105218)",545314
"2026-09-30 00:00:00","Inverter 24 (7B1051F6)",615665
"2026-09-30 00:00:00","Inverter 22 (7B10520A)",536789
"2026-09-30 00:00:00","Inverter 21 (7B105386)",536026
"2026-09-30 00:00:00","Inverter 4 (7B105200)",546549
"2026-09-30 00:00:00","Inverter 7 (7B1051F1)",534981