"DateTime","Exported Energy for Import/Export Meter (7B105205_00500)","Imported Energy for Import/Export Meter (7B105205_00500)"
"2026-09-01 00:00:00",28854,33860096
"2026-09-02 00:00:00",53192,31036416
"2026-09-03 00:00:00",29927,25306112
"2026-09-04 00:00:00",52668,9742848
"2026-09-05 00:00:00",29970,31171584
"2026-09-06 00:00:00",36219,23413760
"2026-09-07 00:00:00",49030,28282368
"2026-09-08 00:00:00",32577,28205056
"2026-09-09 00:00:00",21239,29392384
"2026-09-10 00:00:00",4656,39316480
"2026-09-11 00:00:00",23452,11296768
"2026-09-12 00:00:00",40948,36578304
"2026-09-13 00:00:00",47217,27692544
"2026-09-14 00:00:00",1662,30521856
"2026-09-15 00:00:00",12047,34143232
"2026-09-16 00:00:00",18303,18113024
"2026-09-17 00:00:00",0,0
"2026-09-18 00:00:00",0,0
"2026-09-19 00:00:00",0,0
"2026-09-20 00:00:00",0,0
"2026-09-21 00:00:00",0,0
"2026-09-22 00:00:00",0,0
"2026-09-23 00:00:00",31070,15899648
"2026-09-24 00:00:00",29489,23301632
"2026-09-25 00:00:00",15071,9614848
"2026-09-26 00:00:00",12913,32650240
"2026-09-27 00:00:00",35265,30801920
"2026-09-28 00:00:00",0,36096512
"2026-09-29 00:00:00",68313,28524544
"2026-09-30 00:00:00",54337,26631168