"DateTime","Active Power Total for Import/Export Meter (7B105205_00500)"
"2026-09-01 00:00:00",-1406558.1
"2026-09-02 00:00:00",-1285154.4
"2026-09-03 00:00:00",-1055621.5
"2026-09-04 00:00:00",-407091.72
"2026-09-05 00:00:00",-1299217.8
"2026-09-06 00:00:00",-972236.75
"2026-09-07 00:00:00",-1170133.8
"2026-09-08 00:00:00",-1176713.6
"2026-09-09 00:00:00",-1230338
"2026-09-10 00:00:00",-1653282.6
"2026-09-11 00:00:00",-472630.78
"2026-09-12 00:00:00",-1542521.5
"2026-09-13 00:00:00",-1150615.8
"2026-09-14 00:00:00",-1279251.1
"2026-09-15 00:00:00",-1431996.9
"2026-09-16 00:00:00",-750668.06
"2026-09-17 00:00:00",0
"2026-09-18 00:00:00",0
"2026-09-19 00:00:00",0
"2026-09-20 00:00:00",0
"2026-09-21 00:00:00",0
"2026-09-22 00:00:00",0
"2026-09-23 00:00:00",-672515
"2026-09-24 00:00:00",-971213.4
"2026-09-25 00:00:00",-402937.62
"2026-09-26 00:00:00",-1363745.1
"2026-09-27 00:00:00",-1288947
"2026-09-28 00:00:00",-1507226.5
"2026-09-29 00:00:00",-1186736.6
"2026-09-30 00:00:00",-1106930.6