"DateTime","Export Active Energy Since Last Telemetry for Import/Export Meter (7B105205_00500)"
"2026-09-01 00:00:00",28854
"2026-09-02 00:00:00",53192
"2026-09-03 00:00:00",29927
"2026-09-04 00:00:00",52668
"2026-09-05 00:00:00",29970
"2026-09-06 00:00:00",36219
"2026-09-07 00:00:00",49030
"2026-09-08 00:00:00",32577
"2026-09-09 00:00:00",21239
"2026-09-10 00:00:00",4656
"2026-09-11 00:00:00",23452
"2026-09-12 00:00:00",40948
"2026-09-13 00:00:00",47217
"2026-09-14 00:00:00",1662
"2026-09-15 00:00:00",12047
"2026-09-16 00:00:00",18303
"2026-09-17 00:00:00",0
"2026-09-18 00:00:00",0
"2026-09-19 00:00:00",0
"2026-09-20 00:00:00",0
"2026-09-21 00:00:00",0
"2026-09-22 00:00:00",0
"2026-09-23 00:00:00",31070
"2026-09-24 00:00:00",29489
"2026-09-25 00:00:00",15071
"2026-09-26 00:00:00",12913
"2026-09-27 00:00:00",35265
"2026-09-28 00:00:00",0
"2026-09-29 00:00:00",68313
"2026-09-30 00:00:00",54337