"DateTime","Active Power Mean","Energy Produced","Irradiance Accumulated for IRRADIANCE_SENSOR (67009F5E_DIRECT)","Irradiance Accumulated for IRRADIANCE_SENSOR (67009F5E_GLOBAL_HORIZONTAL)"
"2026-09-01 00:00:00",986328,13019418,6286.0386,0
"2026-09-02 00:00:00",928326,12239264,6284.1245,0
"2026-09-03 00:00:00",824910,10887124,5135.636,0
"2026-09-04 00:00:00",164208,2204044,4794.119,0
"2026-09-05 00:00:00",844029,11061295,5157.093,0
"2026-09-06 00:00:00",769407,10252119,5512.3325,0
"2026-09-07 00:00:00",929446,12105264,6159.229,0
"2026-09-08 00:00:00",1037009,13762891,6904.8027,0
"2026-09-09 00:00:00",908174,11906811,5829.67,0
"2026-09-10 00:00:00",443830,5755355,2461.973,0
"2026-09-11 00:00:00",171027,2267495,5878.1587,0
"2026-09-12 00:00:00",865716,11524173,5835.837,0
"2026-09-13 00:00:00",948164,12400699,6106.4326,0
"2026-09-14 00:00:00",614337,7851372,3379.8293,0
"2026-09-15 00:00:00",706855,9235467,4251.2686,0
"2026-09-16 00:00:00",630817,8367397,3234.4795,0
"2026-09-17 00:00:00",769995,10154538,0,0
"2026-09-18 00:00:00",175812,2323832,0,0
"2026-09-19 00:00:00",713039,9596475,0,0
"2026-09-20 00:00:00",683347,8956692,0,0
"2026-09-21 00:00:00",535843,7067147,0,0
"2026-09-22 00:00:00",963172,13037732,0,0
"2026-09-23 00:00:00",872191,11377155,0,0
"2026-09-24 00:00:00",735256,9471382,0,0
"2026-09-25 00:00:00",146065,1886498,0,0
"2026-09-26 00:00:00",617850,8026098,0,0
"2026-09-27 00:00:00",717916,9373667,0,0
"2026-09-28 00:00:00",291015,3757818,0,0
"2026-09-29 00:00:00",817333,10731660,0,0
"2026-09-30 00:00:00",973242,12833200,0,0