"DateTime","Active Power Mean","Irradiance Accumulated for IRRADIANCE_SENSOR (67009F5E_DIRECT)","Irradiance Accumulated for IRRADIANCE_SENSOR (67009F5E_GLOBAL_HORIZONTAL)","Simulated Power"
"2026-09-01 00:00:00",986328,6286.0386,0,0
"2026-09-01 01:00:00",,,,0
"2026-09-01 02:00:00",,,,0
"2026-09-01 03:00:00",,,,0
"2026-09-01 04:00:00",,,,0
"2026-09-01 05:00:00",,,,0
"2026-09-01 06:00:00",,,,237118
"2026-09-01 07:00:00",,,,805168
"2026-09-01 08:00:00",,,,1385043
"2026-09-01 09:00:00",,,,1873264
"2026-09-01 10:00:00",,,,2212756
"2026-09-01 11:00:00",,,,2369551
"2026-09-01 12:00:00",,,,2328905
"2026-09-01 13:00:00",,,,2094590
"2026-09-01 14:00:00",,,,1689050
"2026-09-01 15:00:00",,,,1154815
"2026-09-01 16:00:00",,,,562396
"2026-09-01 17:00:00",,,,64561
"2026-09-01 18:00:00",,,,0
"2026-09-01 19:00:00",,,,0
"2026-09-01 20:00:00",,,,0
"2026-09-01 21:00:00",,,,0
"2026-09-01 22:00:00",,,,0
"2026-09-01 23:00:00",,,,0
"2026-09-02 00:00:00",928326,6284.1245,0,0
"2026-09-02 01:00:00",,,,0
"2026-09-02 02:00:00",,,,0
"2026-09-02 03:00:00",,,,0
"2026-09-02 04:00:00",,,,0
"2026-09-02 05:00:00",,,,0
"2026-09-02 06:00:00",,,,238349
"2026-09-02 07:00:00",,,,807376
"2026-09-02 08:00:00",,,,1387589
"2026-09-02 09:00:00",,,,1875647
"2026-09-02 10:00:00",,,,2214559
"2026-09-02 11:00:00",,,,2370440
"2026-09-02 12:00:00",,,,2328638
"2026-09-02 13:00:00",,,,2093031
"2026-09-02 14:00:00",,,,1686189
"2026-09-02 15:00:00",,,,1150810
"2026-09-02 16:00:00",,,,557737
"2026-09-02 17:00:00",,,,61591
"2026-09-02 18:00:00",,,,0
"2026-09-02 19:00:00",,,,0
"2026-09-02 20:00:00",,,,0
"2026-09-02 21:00:00",,,,0
"2026-09-02 22:00:00",,,,0
"2026-09-02 23:00:00",,,,0
"2026-09-03 00:00:00",824910,5135.636,0,0
"2026-09-03 01:00:00",,,,0
"2026-09-03 02:00:00",,,,0
"2026-09-03 03:00:00",,,,0
"2026-09-03 04:00:00",,,,0
"2026-09-03 05:00:00",,,,0
"2026-09-03 06:00:00",,,,239595
"2026-09-03 07:00:00",,,,809578
"2026-09-03 08:00:00",,,,1390096
"2026-09-03 09:00:00",,,,1877955
"2026-09-03 10:00:00",,,,2216256
"2026-09-03 11:00:00",,,,2371198
"2026-09-03 12:00:00",,,,2328222
"2026-09-03 13:00:00",,,,2091317
"2026-09-03 14:00:00",,,,1683178
"2026-09-03 15:00:00",,,,1146669
"2026-09-03 16:00:00",,,,552975
"2026-09-03 17:00:00",,,,58628
"2026-09-03 18:00:00",,,,0
"2026-09-03 19:00:00",,,,0
"2026-09-03 20:00:00",,,,0
"2026-09-03 21:00:00",,,,0
"2026-09-03 22:00:00",,,,0
"2026-09-03 23:00:00",,,,0
"2026-09-04 00:00:00",164208,4794.119,0,0
"2026-09-04 01:00:00",,,,0
"2026-09-04 02:00:00",,,,0
"2026-09-04 03:00:00",,,,0
"2026-09-04 04:00:00",,,,0
"2026-09-04 05:00:00",,,,0
"2026-09-04 06:00:00",,,,240852
"2026-09-04 07:00:00",,,,811769
"2026-09-04 08:00:00",,,,1392559
"2026-09-04 09:00:00",,,,1880185
"2026-09-04 10:00:00",,,,2217843
"2026-09-04 11:00:00",,,,2371821
"2026-09-04 12:00:00",,,,2327657
"2026-09-04 13:00:00",,,,2089447
"2026-09-04 14:00:00",,,,1680017
"2026-09-04 15:00:00",,,,1142397
"2026-09-04 16:00:00",,,,548114
"2026-09-04 17:00:00",,,,55676
"2026-09-04 18:00:00",,,,0
"2026-09-04 19:00:00",,,,0
"2026-09-04 20:00:00",,,,0
"2026-09-04 21:00:00",,,,0
"2026-09-04 22:00:00",,,,0
"2026-09-04 23:00:00",,,,0
"2026-09-05 00:00:00",844029,5157.093,0,0
"2026-09-05 01:00:00",,,,0
"2026-09-05 02:00:00",,,,0
"2026-09-05 03:00:00",,,,0
"2026-09-05 04:00:00",,,,0
"2026-09-05 05:00:00",,,,0
"2026-09-05 06:00:00",,,,242119
"2026-09-05 07:00:00",,,,813946
"2026-09-05 08:00:00",,,,1394974
"2026-09-05 09:00:00",,,,1882332
"2026-09-05 10:00:00",,,,2219316
"2026-09-05 11:00:00",,,,2372307
"2026-09-05 12:00:00",,,,2326940
"2026-09-05 13:00:00",,,,2087422
"2026-09-05 14:00:00",,,,1676708
"2026-09-05 15:00:00",,,,1137994
"2026-09-05 16:00:00",,,,543157
"2026-09-05 17:00:00",,,,52743
"2026-09-05 18:00:00",,,,0
"2026-09-05 19:00:00",,,,0
"2026-09-05 20:00:00",,,,0
"2026-09-05 21:00:00",,,,0
"2026-09-05 22:00:00",,,,0
"2026-09-05 23:00:00",,,,0
"2026-09-06 00:00:00",769407,5512.3325,0,0
"2026-09-06 01:00:00",,,,0
"2026-09-06 02:00:00",,,,0
"2026-09-06 03:00:00",,,,0
"2026-09-06 04:00:00",,,,0
"2026-09-06 05:00:00",,,,0
"2026-09-06 06:00:00",,,,243392
"2026-09-06 07:00:00",,,,816103
"2026-09-06 08:00:00",,,,1397334
"2026-09-06 09:00:00",,,,1884390
"2026-09-06 10:00:00",,,,2220672
"2026-09-06 11:00:00",,,,2372653
"2026-09-06 12:00:00",,,,2326070
"2026-09-06 13:00:00",,,,2085242
"2026-09-06 14:00:00",,,,1673253
"2026-09-06 15:00:00",,,,1133466
"2026-09-06 16:00:00",,,,538109
"2026-09-06 17:00:00",,,,49834
"2026-09-06 18:00:00",,,,0
"2026-09-06 19:00:00",,,,0
"2026-09-06 20:00:00",,,,0
"2026-09-06 21:00:00",,,,0
"2026-09-06 22:00:00",,,,0
"2026-09-06 23:00:00",,,,0
"2026-09-07 00:00:00",929446,6159.229,0,0
"2026-09-07 01:00:00",,,,0
"2026-09-07 02:00:00",,,,0
"2026-09-07 03:00:00",,,,0
"2026-09-07 04:00:00",,,,0
"2026-09-07 05:00:00",,,,0
"2026-09-07 06:00:00",,,,244667
"2026-09-07 07:00:00",,,,818237
"2026-09-07 08:00:00",,,,1399636
"2026-09-07 09:00:00",,,,1886356
"2026-09-07 10:00:00",,,,2221906
"2026-09-07 11:00:00",,,,2372857
"2026-09-07 12:00:00",,,,2325046
"2026-09-07 13:00:00",,,,2082907
"2026-09-07 14:00:00",,,,1669653
"2026-09-07 15:00:00",,,,1128814
"2026-09-07 16:00:00",,,,532973
"2026-09-07 17:00:00",,,,46956
"2026-09-07 18:00:00",,,,0
"2026-09-07 19:00:00",,,,0
"2026-09-07 20:00:00",,,,0
"2026-09-07 21:00:00",,,,0
"2026-09-07 22:00:00",,,,0
"2026-09-07 23:00:00",,,,0
"2026-09-08 00:00:00",1037009,6904.8027,0,0
"2026-09-08 01:00:00",,,,0
"2026-09-08 02:00:00",,,,0
"2026-09-08 03:00:00",,,,0
"2026-09-08 04:00:00",,,,0
"2026-09-08 05:00:00",,,,0
"2026-09-08 06:00:00",,,,245941
"2026-09-08 07:00:00",,,,820343
"2026-09-08 08:00:00",,,,1401874
"2026-09-08 09:00:00",,,,1888224
"2026-09-08 10:00:00",,,,2223014
"2026-09-08 11:00:00",,,,2372915
"2026-09-08 12:00:00",,,,2323866
"2026-09-08 13:00:00",,,,2080417
"2026-09-08 14:00:00",,,,1665910
"2026-09-08 15:00:00",,,,1124042
"2026-09-08 16:00:00",,,,527754
"2026-09-08 17:00:00",,,,44116
"2026-09-08 18:00:00",,,,0
"2026-09-08 19:00:00",,,,0
"2026-09-08 20:00:00",,,,0
"2026-09-08 21:00:00",,,,0
"2026-09-08 22:00:00",,,,0
"2026-09-08 23:00:00",,,,0
"2026-09-09 00:00:00",908174,5829.67,0,0
"2026-09-09 01:00:00",,,,0
"2026-09-09 02:00:00",,,,0
"2026-09-09 03:00:00",,,,0
"2026-09-09 04:00:00",,,,0
"2026-09-09 05:00:00",,,,0
"2026-09-09 06:00:00",,,,247212
"2026-09-09 07:00:00",,,,822415
"2026-09-09 08:00:00",,,,1404045
"2026-09-09 09:00:00",,,,1889991
"2026-09-09 10:00:00",,,,2223995
"2026-09-09 11:00:00",,,,2372825
"2026-09-09 12:00:00",,,,2322530
"2026-09-09 13:00:00",,,,2077774
"2026-09-09 14:00:00",,,,1662026
"2026-09-09 15:00:00",,,,1119153
"2026-09-09 16:00:00",,,,522456
"2026-09-09 17:00:00",,,,41319
"2026-09-09 18:00:00",,,,0
"2026-09-09 19:00:00",,,,0
"2026-09-09 20:00:00",,,,0
"2026-09-09 21:00:00",,,,0
"2026-09-09 22:00:00",,,,0
"2026-09-09 23:00:00",,,,0
"2026-09-10 00:00:00",443830,2461.973,0,0
"2026-09-10 01:00:00",,,,0
"2026-09-10 02:00:00",,,,0
"2026-09-10 03:00:00",,,,0
"2026-09-10 04:00:00",,,,0
"2026-09-10 05:00:00",,,,0
"2026-09-10 06:00:00",,,,248475
"2026-09-10 07:00:00",,,,824450
"2026-09-10 08:00:00",,,,1406142
"2026-09-10 09:00:00",,,,1891653
"2026-09-10 10:00:00",,,,2224843
"2026-09-10 11:00:00",,,,2372587
"2026-09-10 12:00:00",,,,2321038
"2026-09-10 13:00:00",,,,2074978
"2026-09-10 14:00:00",,,,1658005
"2026-09-10 15:00:00",,,,1114152
"2026-09-10 16:00:00",,,,517084
"2026-09-10 17:00:00",,,,38573
"2026-09-10 18:00:00",,,,0
"2026-09-10 19:00:00",,,,0
"2026-09-10 20:00:00",,,,0
"2026-09-10 21:00:00",,,,0
"2026-09-10 22:00:00",,,,0
"2026-09-10 23:00:00",,,,0
"2026-09-11 00:00:00",171027,5878.1587,0,0
"2026-09-11 01:00:00",,,,0
"2026-09-11 02:00:00",,,,0
"2026-09-11 03:00:00",,,,0
"2026-09-11 04:00:00",,,,0
"2026-09-11 05:00:00",,,,0
"2026-09-11 06:00:00",,,,249727
"2026-09-11 07:00:00",,,,826443
"2026-09-11 08:00:00",,,,1408162
"2026-09-11 09:00:00",,,,1893205
"2026-09-11 10:00:00",,,,2225556
"2026-09-11 11:00:00",,,,2372197
"2026-09-11 12:00:00",,,,2319389
"2026-09-11 13:00:00",,,,2072031
"2026-09-11 14:00:00",,,,1653848
"2026-09-11 15:00:00",,,,1109043
"2026-09-11 16:00:00",,,,511642
"2026-09-11 17:00:00",,,,35884
"2026-09-11 18:00:00",,,,0
"2026-09-11 19:00:00",,,,0
"2026-09-11 20:00:00",,,,0
"2026-09-11 21:00:00",,,,0
"2026-09-11 22:00:00",,,,0
"2026-09-11 23:00:00",,,,0
"2026-09-12 00:00:00",865716,5835.837,0,0
"2026-09-12 01:00:00",,,,0
"2026-09-12 02:00:00",,,,0
"2026-09-12 03:00:00",,,,0
"2026-09-12 04:00:00",,,,0
"2026-09-12 05:00:00",,,,0
"2026-09-12 06:00:00",,,,250966
"2026-09-12 07:00:00",,,,828390
"2026-09-12 08:00:00",,,,1410099
"2026-09-12 09:00:00",,,,1894642
"2026-09-12 10:00:00",,,,2226130
"2026-09-12 11:00:00",,,,2371654
"2026-09-12 12:00:00",,,,2317583
"2026-09-12 13:00:00",,,,2068933
"2026-09-12 14:00:00",,,,1649560
"2026-09-12 15:00:00",,,,1103828
"2026-09-12 16:00:00",,,,506135
"2026-09-12 17:00:00",,,,33259
"2026-09-12 18:00:00",,,,0
"2026-09-12 19:00:00",,,,0
"2026-09-12 20:00:00",,,,0
"2026-09-12 21:00:00",,,,0
"2026-09-12 22:00:00",,,,0
"2026-09-12 23:00:00",,,,0
"2026-09-13 00:00:00",948164,6106.4326,0,0
"2026-09-13 01:00:00",,,,0
"2026-09-13 02:00:00",,,,0
"2026-09-13 03:00:00",,,,0
"2026-09-13 04:00:00",,,,0
"2026-09-13 05:00:00",,,,0
"2026-09-13 06:00:00",,,,252187
"2026-09-13 07:00:00",,,,830285
"2026-09-13 08:00:00",,,,1411950
"2026-09-13 09:00:00",,,,1895962
"2026-09-13 10:00:00",,,,2226564
"2026-09-13 11:00:00",,,,2370957
"2026-09-13 12:00:00",,,,2315621
"2026-09-13 13:00:00",,,,2065687
"2026-09-13 14:00:00",,,,1645142
"2026-09-13 15:00:00",,,,1098513
"2026-09-13 16:00:00",,,,500568
"2026-09-13 17:00:00",,,,30703
"2026-09-13 18:00:00",,,,0
"2026-09-13 19:00:00",,,,0
"2026-09-13 20:00:00",,,,0
"2026-09-13 21:00:00",,,,0
"2026-09-13 22:00:00",,,,0
"2026-09-13 23:00:00",,,,0
"2026-09-14 00:00:00",614337,3379.8293,0,0
"2026-09-14 01:00:00",,,,0
"2026-09-14 02:00:00",,,,0
"2026-09-14 03:00:00",,,,0
"2026-09-14 04:00:00",,,,0
"2026-09-14 05:00:00",,,,0
"2026-09-14 06:00:00",,,,253386
"2026-09-14 07:00:00",,,,832125
"2026-09-14 08:00:00",,,,1413709
"2026-09-14 09:00:00",,,,1897161
"2026-09-14 10:00:00",,,,2226854
"2026-09-14 11:00:00",,,,2370104
"2026-09-14 12:00:00",,,,2313501
"2026-09-14 13:00:00",,,,2062295
"2026-09-14 14:00:00",,,,1640598
"2026-09-14 15:00:00",,,,1093102
"2026-09-14 16:00:00",,,,494946
"2026-09-14 17:00:00",,,,28224
"2026-09-14 18:00:00",,,,0
"2026-09-14 19:00:00",,,,0
"2026-09-14 20:00:00",,,,0
"2026-09-14 21:00:00",,,,0
"2026-09-14 22:00:00",,,,0
"2026-09-14 23:00:00",,,,0
"2026-09-15 00:00:00",706855,4251.2686,0,0
"2026-09-15 01:00:00",,,,0
"2026-09-15 02:00:00",,,,0
"2026-09-15 03:00:00",,,,0
"2026-09-15 04:00:00",,,,0
"2026-09-15 05:00:00",,,,0
"2026-09-15 06:00:00",,,,254561
"2026-09-15 07:00:00",,,,833904
"2026-09-15 08:00:00",,,,1415373
"2026-09-15 09:00:00",,,,1898234
"2026-09-15 10:00:00",,,,2226999
"2026-09-15 11:00:00",,,,2369094
"2026-09-15 12:00:00",,,,2311226
"2026-09-15 13:00:00",,,,2058759
"2026-09-15 14:00:00",,,,1635932
"2026-09-15 15:00:00",,,,1087600
"2026-09-15 16:00:00",,,,489274
"2026-09-15 17:00:00",,,,25828
"2026-09-15 18:00:00",,,,0
"2026-09-15 19:00:00",,,,0
"2026-09-15 20:00:00",,,,0
"2026-09-15 21:00:00",,,,0
"2026-09-15 22:00:00",,,,0
"2026-09-15 23:00:00",,,,0
"2026-09-16 00:00:00",630817,3234.4795,0,0
"2026-09-16 01:00:00",,,,0
"2026-09-16 02:00:00",,,,0
"2026-09-16 03:00:00",,,,0
"2026-09-16 04:00:00",,,,0
"2026-09-16 05:00:00",,,,0
"2026-09-16 06:00:00",,,,255708
"2026-09-16 07:00:00",,,,835619
"2026-09-16 08:00:00",,,,1416938
"2026-09-16 09:00:00",,,,1899179
"2026-09-16 10:00:00",,,,2226994
"2026-09-16 11:00:00",,,,2367927
"2026-09-16 12:00:00",,,,2308795
"2026-09-16 13:00:00",,,,2055080
"2026-09-16 14:00:00",,,,1631148
"2026-09-16 15:00:00",,,,1082011
"2026-09-16 16:00:00",,,,483557
"2026-09-16 17:00:00",,,,23520
"2026-09-16 18:00:00",,,,0
"2026-09-16 19:00:00",,,,0
"2026-09-16 20:00:00",,,,0
"2026-09-16 21:00:00",,,,0
"2026-09-16 22:00:00",,,,0
"2026-09-16 23:00:00",,,,0
"2026-09-17 00:00:00",769995,0,0,0
"2026-09-17 01:00:00",,,,0
"2026-09-17 02:00:00",,,,0
"2026-09-17 03:00:00",,,,0
"2026-09-17 04:00:00",,,,0
"2026-09-17 05:00:00",,,,0
"2026-09-17 06:00:00",,,,256823
"2026-09-17 07:00:00",,,,837264
"2026-09-17 08:00:00",,,,1418398
"2026-09-17 09:00:00",,,,1899992
"2026-09-17 10:00:00",,,,2226840
"2026-09-17 11:00:00",,,,2366602
"2026-09-17 12:00:00",,,,2306210
"2026-09-17 13:00:00",,,,2051262
"2026-09-17 14:00:00",,,,1626248
"2026-09-17 15:00:00",,,,1076341
"2026-09-17 16:00:00",,,,477799
"2026-09-17 17:00:00",,,,21306
"2026-09-17 18:00:00",,,,0
"2026-09-17 19:00:00",,,,0
"2026-09-17 20:00:00",,,,0
"2026-09-17 21:00:00",,,,0
"2026-09-17 22:00:00",,,,0
"2026-09-17 23:00:00",,,,0
"2026-09-18 00:00:00",175812,0,0,0
"2026-09-18 01:00:00",,,,0
"2026-09-18 02:00:00",,,,0
"2026-09-18 03:00:00",,,,0
"2026-09-18 04:00:00",,,,0
"2026-09-18 05:00:00",,,,0
"2026-09-18 06:00:00",,,,257902
"2026-09-18 07:00:00",,,,838836
"2026-09-18 08:00:00",,,,1419750
"2026-09-18 09:00:00",,,,1900670
"2026-09-18 10:00:00",,,,2226533
"2026-09-18 11:00:00",,,,2365119
"2026-09-18 12:00:00",,,,2303472
"2026-09-18 13:00:00",,,,2047308
"2026-09-18 14:00:00",,,,1621238
"2026-09-18 15:00:00",,,,1070593
"2026-09-18 16:00:00",,,,472008
"2026-09-18 17:00:00",,,,19193
"2026-09-18 18:00:00",,,,0
"2026-09-18 19:00:00",,,,0
"2026-09-18 20:00:00",,,,0
"2026-09-18 21:00:00",,,,0
"2026-09-18 22:00:00",,,,0
"2026-09-18 23:00:00",,,,0
"2026-09-19 00:00:00",713039,0,0,0
"2026-09-19 01:00:00",,,,0
"2026-09-19 02:00:00",,,,0
"2026-09-19 03:00:00",,,,0
"2026-09-19 04:00:00",,,,0
"2026-09-19 05:00:00",,,,0
"2026-09-19 06:00:00",,,,258943
"2026-09-19 07:00:00",,,,840330
"2026-09-19 08:00:00",,,,1420990
"2026-09-19 09:00:00",,,,1901210
"2026-09-19 10:00:00",,,,2226072
"2026-09-19 11:00:00",,,,2363477
"2026-09-19 12:00:00",,,,2300582
"2026-09-19 13:00:00",,,,2043220
"2026-09-19 14:00:00",,,,1616122
"2026-09-19 15:00:00",,,,1064774
"2026-09-19 16:00:00",,,,466187
"2026-09-19 17:00:00",,,,17184
"2026-09-19 18:00:00",,,,0
"2026-09-19 19:00:00",,,,0
"2026-09-19 20:00:00",,,,0
"2026-09-19 21:00:00",,,,0
"2026-09-19 22:00:00",,,,0
"2026-09-19 23:00:00",,,,0
"2026-09-20 00:00:00",683347,0,0,0
"2026-09-20 01:00:00",,,,0
"2026-09-20 02:00:00",,,,0
"2026-09-20 03:00:00",,,,0
"2026-09-20 04:00:00",,,,0
"2026-09-20 05:00:00",,,,0
"2026-09-20 06:00:00",,,,259941
"2026-09-20 07:00:00",,,,841742
"2026-09-20 08:00:00",,,,1422114
"2026-09-20 09:00:00",,,,1901609
"2026-09-20 10:00:00",,,,2225456
"2026-09-20 11:00:00",,,,2361676
"2026-09-20 12:00:00",,,,2297542
"2026-09-20 13:00:00",,,,2039001
"2026-09-20 14:00:00",,,,1610904
"2026-09-20 15:00:00",,,,1058889
"2026-09-20 16:00:00",,,,460342
"2026-09-20 17:00:00",,,,15285
"2026-09-20 18:00:00",,,,0
"2026-09-20 19:00:00",,,,0
"2026-09-20 20:00:00",,,,0
"2026-09-20 21:00:00",,,,0
"2026-09-20 22:00:00",,,,0
"2026-09-20 23:00:00",,,,0
"2026-09-21 00:00:00",535843,0,0,0
"2026-09-21 01:00:00",,,,0
"2026-09-21 02:00:00",,,,0
"2026-09-21 03:00:00",,,,0
"2026-09-21 04:00:00",,,,0
"2026-09-21 05:00:00",,,,0
"2026-09-21 06:00:00",,,,260892
"2026-09-21 07:00:00",,,,843069
"2026-09-21 08:00:00",,,,1423120
"2026-09-21 09:00:00",,,,1901865
"2026-09-21 10:00:00",,,,2224683
"2026-09-21 11:00:00",,,,2359717
"2026-09-21 12:00:00",,,,2294354
"2026-09-21 13:00:00",,,,2034655
"2026-09-21 14:00:00",,,,1605588
"2026-09-21 15:00:00",,,,1052942
"2026-09-21 16:00:00",,,,454478
"2026-09-21 17:00:00",,,,13500
"2026-09-21 18:00:00",,,,0
"2026-09-21 19:00:00",,,,0
"2026-09-21 20:00:00",,,,0
"2026-09-21 21:00:00",,,,0
"2026-09-21 22:00:00",,,,0
"2026-09-21 23:00:00",,,,0
"2026-09-22 00:00:00",963172,0,0,0
"2026-09-22 01:00:00",,,,0
"2026-09-22 02:00:00",,,,0
"2026-09-22 03:00:00",,,,0
"2026-09-22 04:00:00",,,,0
"2026-09-22 05:00:00",,,,0
"2026-09-22 06:00:00",,,,261794
"2026-09-22 07:00:00",,,,844305
"2026-09-22 08:00:00",,,,1424002
"2026-09-22 09:00:00",,,,1901975
"2026-09-22 10:00:00",,,,2223753
"2026-09-22 11:00:00",,,,2357601
"2026-09-22 12:00:00",,,,2291021
"2026-09-22 13:00:00",,,,2030185
"2026-09-22 14:00:00",,,,1600180
"2026-09-22 15:00:00",,,,1046940
"2026-09-22 16:00:00",,,,448601
"2026-09-22 17:00:00",,,,11832
"2026-09-22 18:00:00",,,,0
"2026-09-22 19:00:00",,,,0
"2026-09-22 20:00:00",,,,0
"2026-09-22 21:00:00",,,,0
"2026-09-22 22:00:00",,,,0
"2026-09-22 23:00:00",,,,0
"2026-09-23 00:00:00",872191,0,0,0
"2026-09-23 01:00:00",,,,0
"2026-09-23 02:00:00",,,,0
"2026-09-23 03:00:00",,,,0
"2026-09-23 04:00:00",,,,0
"2026-09-23 05:00:00",,,,0
"2026-09-23 06:00:00",,,,262643
"2026-09-23 07:00:00",,,,845447
"2026-09-23 08:00:00",,,,1424758
"2026-09-23 09:00:00",,,,1901936
"2026-09-23 10:00:00",,,,2222664
"2026-09-23 11:00:00",,,,2355328
"2026-09-23 12:00:00",,,,2287543
"2026-09-23 13:00:00",,,,2025596
"2026-09-23 14:00:00",,,,1594684
"2026-09-23 15:00:00",,,,1040888
"2026-09-23 16:00:00",,,,442717
"2026-09-23 17:00:00",,,,10284
"2026-09-23 18:00:00",,,,0
"2026-09-23 19:00:00",,,,0
"2026-09-23 20:00:00",,,,0
"2026-09-23 21:00:00",,,,0
"2026-09-23 22:00:00",,,,0
"2026-09-23 23:00:00",,,,0
"2026-09-24 00:00:00",735256,0,0,0
"2026-09-24 01:00:00",,,,0
"2026-09-24 02:00:00",,,,0
"2026-09-24 03:00:00",,,,0
"2026-09-24 04:00:00",,,,0
"2026-09-24 05:00:00",,,,0
"2026-09-24 06:00:00",,,,263435
"2026-09-24 07:00:00",,,,846491
"2026-09-24 08:00:00",,,,1425385
"2026-09-24 09:00:00",,,,1901748
"2026-09-24 10:00:00",,,,2221416
"2026-09-24 11:00:00",,,,2352898
"2026-09-24 12:00:00",,,,2283925
"2026-09-24 13:00:00",,,,2020890
"2026-09-24 14:00:00",,,,1589106
"2026-09-24 15:00:00",,,,1034791
"2026-09-24 16:00:00",,,,436830
"2026-09-24 17:00:00",,,,8859
"2026-09-24 18:00:00",,,,0
"2026-09-24 19:00:00",,,,0
"2026-09-24 20:00:00",,,,0
"2026-09-24 21:00:00",,,,0
"2026-09-24 22:00:00",,,,0
"2026-09-24 23:00:00",,,,0
"2026-09-25 00:00:00",146065,0,0,0
"2026-09-25 01:00:00",,,,0
"2026-09-25 02:00:00",,,,0
"2026-09-25 03:00:00",,,,0
"2026-09-25 04:00:00",,,,0
"2026-09-25 05:00:00",,,,0
"2026-09-25 06:00:00",,,,264167
"2026-09-25 07:00:00",,,,847433
"2026-09-25 08:00:00",,,,1425879
"2026-09-25 09:00:00",,,,1901408
"2026-09-25 10:00:00",,,,2220008
"2026-09-25 11:00:00",,,,2350314
"2026-09-25 12:00:00",,,,2280168
"2026-09-25 13:00:00",,,,2016072
"2026-09-25 14:00:00",,,,1583449
"2026-09-25 15:00:00",,,,1028656
"2026-09-25 16:00:00",,,,430946
"2026-09-25 17:00:00",,,,7557
"2026-09-25 18:00:00",,,,0
"2026-09-25 19:00:00",,,,0
"2026-09-25 20:00:00",,,,0
"2026-09-25 21:00:00",,,,0
"2026-09-25 22:00:00",,,,0
"2026-09-25 23:00:00",,,,0
"2026-09-26 00:00:00",617850,0,0,0
"2026-09-26 01:00:00",,,,0
"2026-09-26 02:00:00",,,,0
"2026-09-26 03:00:00",,,,0
"2026-09-26 04:00:00",,,,0
"2026-09-26 05:00:00",,,,0
"2026-09-26 06:00:00",,,,264836
"2026-09-26 07:00:00",,,,848270
"2026-09-26 08:00:00",,,,1426239
"2026-09-26 09:00:00",,,,1900914
"2026-09-26 10:00:00",,,,2218441
"2026-09-26 11:00:00",,,,2347577
"2026-09-26 12:00:00",,,,2276275
"2026-09-26 13:00:00",,,,2011147
"2026-09-26 14:00:00",,,,1577720
"2026-09-26 15:00:00",,,,1022487
"2026-09-26 16:00:00",,,,425070
"2026-09-26 17:00:00",,,,6378
"2026-09-26 18:00:00",,,,0
"2026-09-26 19:00:00",,,,0
"2026-09-26 20:00:00",,,,0
"2026-09-26 21:00:00",,,,0
"2026-09-26 22:00:00",,,,0
"2026-09-26 23:00:00",,,,0
"2026-09-27 00:00:00",717916,0,0,0
"2026-09-27 01:00:00",,,,0
"2026-09-27 02:00:00",,,,0
"2026-09-27 03:00:00",,,,0
"2026-09-27 04:00:00",,,,0
"2026-09-27 05:00:00",,,,0
"2026-09-27 06:00:00",,,,265438
"2026-09-27 07:00:00",,,,848999
"2026-09-27 08:00:00",,,,1426460
"2026-09-27 09:00:00",,,,1900265
"2026-09-27 10:00:00",,,,2216714
"2026-09-27 11:00:00",,,,2344687
"2026-09-27 12:00:00",,,,2272250
"2026-09-27 13:00:00",,,,2006119
"2026-09-27 14:00:00",,,,1571925
"2026-09-27 15:00:00",,,,1016292
"2026-09-27 16:00:00",,,,419209
"2026-09-27 17:00:00",,,,5322
"2026-09-27 18:00:00",,,,0
"2026-09-27 19:00:00",,,,0
"2026-09-27 20:00:00",,,,0
"2026-09-27 21:00:00",,,,0
"2026-09-27 22:00:00",,,,0
"2026-09-27 23:00:00",,,,0
"2026-09-28 00:00:00",291015,0,0,0
"2026-09-28 01:00:00",,,,0
"2026-09-28 02:00:00",,,,0
"2026-09-28 03:00:00",,,,0
"2026-09-28 04:00:00",,,,0
"2026-09-28 05:00:00",,,,0
"2026-09-28 06:00:00",,,,265971
"2026-09-28 07:00:00",,,,849615
"2026-09-28 08:00:00",,,,1426541
"2026-09-28 09:00:00",,,,1899460
"2026-09-28 10:00:00",,,,2214828
"2026-09-28 11:00:00",,,,2341648
"2026-09-28 12:00:00",,,,2268096
"2026-09-28 13:00:00",,,,2000991
"2026-09-28 14:00:00",,,,1566067
"2026-09-28 15:00:00",,,,1010075
"2026-09-28 16:00:00",,,,413366
"2026-09-28 17:00:00",,,,4387
"2026-09-28 18:00:00",,,,0
"2026-09-28 19:00:00",,,,0
"2026-09-28 20:00:00",,,,0
"2026-09-28 21:00:00",,,,0
"2026-09-28 22:00:00",,,,0
"2026-09-28 23:00:00",,,,0
"2026-09-29 00:00:00",817333,0,0,0
"2026-09-29 01:00:00",,,,0
"2026-09-29 02:00:00",,,,0
"2026-09-29 03:00:00",,,,0
"2026-09-29 04:00:00",,,,0
"2026-09-29 05:00:00",,,,0
"2026-09-29 06:00:00",,,,266430
"2026-09-29 07:00:00",,,,850117
"2026-09-29 08:00:00",,,,1426480
"2026-09-29 09:00:00",,,,1898498
"2026-09-29 10:00:00",,,,2212783
"2026-09-29 11:00:00",,,,2338460
"2026-09-29 12:00:00",,,,2263816
"2026-09-29 13:00:00",,,,1995770
"2026-09-29 14:00:00",,,,1560154
"2026-09-29 15:00:00",,,,1003842
"2026-09-29 16:00:00",,,,407547
"2026-09-29 17:00:00",,,,3568
"2026-09-29 18:00:00",,,,0
"2026-09-29 19:00:00",,,,0
"2026-09-29 20:00:00",,,,0
"2026-09-29 21:00:00",,,,0
"2026-09-29 22:00:00",,,,0
"2026-09-29 23:00:00",,,,0
"2026-09-30 00:00:00",973242,0,0,0
"2026-09-30 01:00:00",,,,0
"2026-09-30 02:00:00",,,,0
"2026-09-30 03:00:00",,,,0
"2026-09-30 04:00:00",,,,0
"2026-09-30 05:00:00",,,,0
"2026-09-30 06:00:00",,,,266814
"2026-09-30 07:00:00",,,,850500
"2026-09-30 08:00:00",,,,1426274
"2026-09-30 09:00:00",,,,1897378
"2026-09-30 10:00:00",,,,2210580
"2026-09-30 11:00:00",,,,2335127
"2026-09-30 12:00:00",,,,2259414
"2026-09-30 13:00:00",,,,1990459
"2026-09-30 14:00:00",,,,1554190
"2026-09-30 15:00:00",,,,997600
"2026-09-30 16:00:00",,,,401758
"2026-09-30 17:00:00",,,,2861
"2026-09-30 18:00:00",,,,0
"2026-09-30 19:00:00",,,,0
"2026-09-30 20:00:00",,,,0
"2026-09-30 21:00:00",,,,0
"2026-09-30 22:00:00",,,,0
"2026-09-30 23:00:00",,,,0