"DateTime","Irradiance Accumulated for IRRADIANCE_SENSOR (67009F5E_DIRECT)","Irradiance Accumulated for IRRADIANCE_SENSOR (67009F5E_GLOBAL_HORIZONTAL)","Normalized energy"
"2026-09-01 00:00:00",6286.0386,0,5.154164
"2026-09-02 00:00:00",6284.1245,0,4.8453145
"2026-09-03 00:00:00",5135.636,0,4.310025
"2026-09-04 00:00:00",4794.119,0,0.87254316
"2026-09-05 00:00:00",5157.093,0,4.378977
"2026-09-06 00:00:00",5512.3325,0,4.0586376
"2026-09-07 00:00:00",6159.229,0,4.792266
"2026-09-08 00:00:00",6904.8027,0,5.448492
"2026-09-09 00:00:00",5829.67,0,4.7137017
"2026-09-10 00:00:00",2461.973,0,2.2784462
"2026-09-11 00:00:00",5878.1587,0,0.89766234
"2026-09-12 00:00:00",5835.837,0,4.562222
"2026-09-13 00:00:00",6106.4326,0,4.9092236
"2026-09-14 00:00:00",3379.8293,0,3.1082232
"2026-09-15 00:00:00",4251.2686,0,3.6561627
"2026-09-16 00:00:00",3234.4795,0,3.3125088
"2026-09-17 00:00:00",0,0,4.020007
"2026-09-18 00:00:00",0,0,0.91996515
"2026-09-19 00:00:00",0,0,3.7990797
"2026-09-20 00:00:00",0,0,3.5458004
"2026-09-21 00:00:00",0,0,2.7977622
"2026-09-22 00:00:00",0,0,5.161414
"2026-09-23 00:00:00",0,0,4.50402
"2026-09-24 00:00:00",0,0,3.7495575
"2026-09-25 00:00:00",0,0,0.74683213
"2026-09-26 00:00:00",0,0,3.1773944
"2026-09-27 00:00:00",0,0,3.7108736
"2026-09-28 00:00:00",0,0,1.4876556
"2026-09-29 00:00:00",0,0,4.24848
"2026-09-30 00:00:00",0,0,5.0804434