"Category","LEFT","MIDDLE","RIGHT"
"Inverter 24 (7B1051F6)",11075,11074,11033
"Inverter 6 (7B1051F4)",9043,10968,6007
"Inverter 13 (7B1051D3)",11083,11086,6100
"Inverter 12 (7B10537A)",11148,11098,5999
"Inverter 16 (7B1051F3)",11047,11007,6069
"Inverter 7 (7B1051F1)",11003,11080,6101
"Inverter 10 (7B10521E)",11090,11036,6093
"Inverter 22 (7B10520A)",11080,11148,6133
"Inverter 2 (7B1051F8)",7770,7783,
"Inverter 14 (7B1051E7)",11077,11183,6153
"Inverter 17 (7B1051C5)",11137,11043,6051
"Inverter 5 (7B1051F9)",11117,11118,6028
"Inverter 9 (7B10520B)",11109,11094,6107
"Inverter 21 (7B105386)",11056,11080,6138
"Inverter 8 (7B1051FF)",10923,10943,6033
"Inverter 4 (7B105200)",11109,11094,6040
"Inverter 3 (7B1051FD)",11054,11037,6074
"Inverter 18 (7B105385)",10959,11009,6088
"Inverter 15 (7B1051FE)",11094,11077,6102
"Inverter 11 (7B1051FB)",11080,11037,6141
"Inverter 19 (7B1051FC)",11273,11263,6090
"Inverter 20 (7B105218)",11211,11158,6076
"Inverter 23 (7B105208)",11209,11158,6047
"Inverter 1 (7B105205)",11070,10947,6019