"DateTime","Active Power for SYNERGY_UNIT (7B90A33C)","Active Power for SYNERGY_UNIT (7B90A7CB)","Active Power for SYNERGY_UNIT (7B90AA81)","Active Power for SYNERGY_UNIT (7B90AA82)","Active Power for SYNERGY_UNIT (7B90AA83)","Active Power for SYNERGY_UNIT (7B90AA85)","Active Power for SYNERGY_UNIT (7B90AA87)","Active Power for SYNERGY_UNIT (7B90AA89)","Active Power for SYNERGY_UNIT (7B90AA8A)","Active Power for SYNERGY_UNIT (7B90AA8B)","Active Power for SYNERGY_UNIT (7B90AA8F)","Active Power for SYNERGY_UNIT (7B90AE1B)","Active Power for SYNERGY_UNIT (7B90AE22)","Active Power for SYNERGY_UNIT (7B90AE49)","Active Power for SYNERGY_UNIT (7B90AE4E)","Active Power for SYNERGY_UNIT (7B90AE51)","Active Power for SYNERGY_UNIT (7B90AE53)","Active Power for SYNERGY_UNIT (7B90AE54)","Active Power for SYNERGY_UNIT (7B90AE55)","Active Power for SYNERGY_UNIT (7B90AE57)","Active Power for SYNERGY_UNIT (7B90AE59)","Active Power for SYNERGY_UNIT (7B90AE5A)","Active Power for SYNERGY_UNIT (7B90AE61)","Active Power for SYNERGY_UNIT (7B90AE68)","Active Power for SYNERGY_UNIT (7B90AE6A)","Active Power for SYNERGY_UNIT (7B90AE6B)","Active Power for SYNERGY_UNIT (7B90AE6C)","Active Power for SYNERGY_UNIT (7B90AE74)","Active Power for SYNERGY_UNIT (7B90AE7C)","Active Power for SYNERGY_UNIT (7B90AE7D)","Active Power for SYNERGY_UNIT (7B90AE7F)","Active Power for SYNERGY_UNIT (7B90AE81)","Active Power for SYNERGY_UNIT (7B90AE87)","Active Power for SYNERGY_UNIT (7B90AE88)","Active Power for SYNERGY_UNIT (7B90AE8A)","Active Power for SYNERGY_UNIT (7B90AE92)","Active Power for SYNERGY_UNIT (7B90AE97)","Active Power for SYNERGY_UNIT (7B90AEA2)","Active Power for SYNERGY_UNIT (7B90AEA7)","Active Power for SYNERGY_UNIT (7B90AEAA)","Active Power for SYNERGY_UNIT (7B90AEAB)","Active Power for SYNERGY_UNIT (7B90AEAC)","Active Power for SYNERGY_UNIT (7B90AEAF)","Active Power for SYNERGY_UNIT (7B90AECA)","Active Power for SYNERGY_UNIT (7B90AECC)","Active Power for SYNERGY_UNIT (7B90AECF)","Active Power for SYNERGY_UNIT (7B90AED4)","Active Power for SYNERGY_UNIT (7B90AED5)","Active Power for SYNERGY_UNIT (7B90AED6)","Active Power for SYNERGY_UNIT (7B90AEDA)","Active Power for SYNERGY_UNIT (7B90AEDB)","Active Power for SYNERGY_UNIT (7B90AEE0)","Active Power for SYNERGY_UNIT (7B90AEE1)","Active Power for SYNERGY_UNIT (7B90B0B7)","Active Power for SYNERGY_UNIT (7B90B0BB)","Active Power for SYNERGY_UNIT (7B90B0BC)","Active Power for SYNERGY_UNIT (7B90B0D4)","Active Power for SYNERGY_UNIT (7B90B0D5)","Active Power for SYNERGY_UNIT (7B90B0D6)","Active Power for SYNERGY_UNIT (7B90B0D9)","Active Power for SYNERGY_UNIT (7B90B0DB)","Active Power for SYNERGY_UNIT (7B90DC55)","Active Power for SYNERGY_UNIT (7B90DC59)","Active Power for SYNERGY_UNIT (7B90DC5B)","Active Power for SYNERGY_UNIT (7B90DC5C)","Active Power for SYNERGY_UNIT (7B9685D9)","Active Power for SYNERGY_UNIT (7B968657)","Active Power for SYNERGY_UNIT (7B9687AC)","Active Power for SYNERGY_UNIT (7B9687EE)","Active Power for SYNERGY_UNIT (7B968953)","Active Power for SYNERGY_UNIT (7B968BD0)","Active Power for SYNERGY_UNIT (7B98BD53)"
"2026-09-01 00:00:00",16045,16021,16039,16018,16103,8452,16293,8505,15776,8467,16397,8431,16199,16101,8657,16114,16159,16144,8435,16053,16171,8638,16114,8487,16008,16432,15676,15987,16280,8667,16078,8270,15886,16299,16239,16219,16106,8634,15794,16020,8638,15977,8593,16175,8472,16222,16167,16278,16190,16093,8524,16141,8363,16408,16219,8607,16084,16284,8616,8722,16340,16299,16053,8589,8501,8473,15999,16196,16164,16071,0,0
"2026-09-02 00:00:00",14733,15001,14965,14913,14842,8545,14938,8482,14863,8411,15314,8449,14866,15058,8573,14987,15009,14896,8469,14901,15009,8583,14791,8418,14861,15312,14797,14921,14874,8550,14775,8410,15024,15151,15094,14738,14862,8638,14546,14825,8476,14969,8562,14757,8563,15077,15032,14970,14920,14838,8458,15012,8352,15262,15173,8683,14858,15106,8581,8662,14985,15079,14832,8508,8433,8564,14765,14992,15128,14921,0,0
"2026-09-03 00:00:00",13450,13429,13316,13506,13571,7214,13608,7175,13069,7004,13833,7162,13394,13467,7310,13717,13559,13615,7027,13456,13353,7192,13389,7189,13600,13785,13132,13137,13495,7260,13438,7067,13359,13750,13264,13512,13457,7230,13639,13493,7183,13466,7166,13327,7123,13497,13530,13473,13445,13362,7091,13413,7005,13724,13684,7249,13393,13499,7212,7258,13673,13547,13380,7187,7183,7195,13339,13410,13587,13228,0,0
"2026-09-04 00:00:00",2409,2367,2366,2367,2350,2066,2352,2093,2324,2071,2481,2095,2376,2364,2066,2350,2350,2357,2079,2355,2351,2075,2375,2063,2366,2481,2324,2360,2407,2069,2374,2036,2355,2466,2369,2410,2359,2068,2367,2360,2071,2371,2059,2371,2093,2372,2369,2356,2378,2355,2058,2369,2072,2458,2452,2076,2369,2371,2106,2065,2354,2365,2362,2072,2057,2078,2366,2368,2462,2356,0,0
"2026-09-05 00:00:00",13945,14009,13969,14123,14078,7488,14043,7202,13447,6952,13998,7205,13465,13781,7399,13807,13837,14015,7008,14053,13899,7087,13420,7560,13827,14017,13673,13426,13957,7363,13530,7322,13851,14123,13436,13953,13819,7443,13899,14111,7222,13737,7316,13532,7094,13954,13863,13813,13452,13468,7101,13855,7206,14078,13963,7362,13478,13923,7302,7477,14085,13956,13942,7298,7230,7488,13289,13646,14029,13501,0,0
"2026-09-06 00:00:00",12329,12470,12290,12448,12217,7034,12332,6915,12258,7103,12484,6886,12606,12548,6971,12329,12261,12380,7060,12333,12265,7053,12572,6936,12273,12528,12312,12432,12362,6938,12641,6945,12346,12418,12608,12373,12584,7012,12094,12480,7108,12595,6900,12648,7088,12400,12262,12390,12608,12578,7094,12329,6852,12419,12368,6944,12597,12340,6911,6935,12403,12374,12382,6896,7071,7032,12476,12476,12335,12539,0,0
"2026-09-07 00:00:00",14874,14960,14965,14916,14982,8436,14974,8536,14767,8393,15301,8462,14943,14959,8552,14956,14882,14910,8360,15001,15088,8528,15068,8455,14960,15346,14708,14835,14970,8534,15058,8299,14940,15115,14981,14989,15002,8563,14994,14924,8528,14928,8453,14938,8409,15041,14940,15038,14962,14887,8456,15002,8306,15280,15239,8642,15013,15106,8485,8582,15063,15084,14905,8471,8468,8487,14833,15032,15048,14905,0,0
"2026-09-08 00:00:00",16887,16863,16805,16930,16880,9312,16782,9383,16423,9163,17047,9300,16818,16830,9423,17041,16847,16949,9175,16867,16693,9195,16664,9290,16947,17043,16504,16639,16825,9325,16649,9165,16744,17178,16730,16825,16869,9378,16827,16842,9221,16786,9274,16666,9198,16771,16832,16742,16761,16625,9198,16687,9098,17099,17187,9300,16579,16826,9211,9264,16959,16941,16832,9279,9262,9351,16536,16752,17102,16619,0,0
"2026-09-09 00:00:00",14757,14698,14688,14697,14671,7989,14696,7957,14534,7865,14893,7848,14907,14724,8001,14755,14699,14654,7935,14599,14683,8046,15047,7944,14661,14928,14512,14675,14843,8050,15070,7849,14790,14722,14819,14864,14875,8068,14725,14639,8037,14766,8012,14917,7975,14941,14759,14947,15016,14975,8035,14814,7894,14868,14731,8101,14909,14924,7927,8046,14801,14867,14640,8007,8002,7998,14753,14807,14677,14806,0,0
"2026-09-10 00:00:00",7405,7290,7298,7264,7392,3594,7432,3624,7187,3608,7442,3610,7366,7281,3687,7379,7373,7412,3595,7319,7354,3640,7428,3616,7372,7432,7176,7227,7435,3669,7453,3554,7286,7376,7373,7454,7336,3645,7368,7269,3642,7325,3658,7414,3603,7410,7420,7360,7403,7351,3634,7332,3597,7366,7291,3658,7393,7413,3650,3695,7480,7463,7248,3633,3597,3590,7283,7314,7338,7298,0,0
"2026-09-11 00:00:00",2412,2410,2408,2408,2406,2274,2409,2329,2363,2274,2532,2326,2408,2412,2276,2401,2406,2403,2274,2404,2413,2275,2402,2268,2407,2532,2364,2399,2408,2272,2414,2230,2409,2531,2409,2408,2409,2257,2402,2388,2277,2408,2272,2408,2273,2413,2405,2411,2410,2410,2274,2413,2278,2527,2523,2276,2413,2412,2331,2275,2407,2402,2388,2270,2272,2275,2408,2412,2527,2410,0,0
"2026-09-12 00:00:00",13949,14032,13978,14044,13766,7897,13801,7781,13792,7819,14305,7760,14040,14098,7953,13704,13632,13945,7749,14050,14039,7987,13901,7976,13796,14325,13738,13812,13847,7821,14064,7708,13961,14294,13964,13981,14021,7985,13697,13954,7976,14043,7733,14167,7944,13980,13544,14001,13908,14051,7816,14084,7841,14242,14262,8033,14030,14110,7749,7892,14076,13732,13932,7646,7891,7992,14054,14081,14035,14088,0,0
"2026-09-13 00:00:00",15387,15199,15416,15183,15490,8483,15520,8533,15019,8430,15723,8488,15066,15190,8608,15500,15413,15479,8387,15375,15424,8479,15416,8439,15400,15763,15098,15224,15496,8572,15162,8332,15388,15711,15436,15466,15082,8542,15489,15443,8413,15194,8516,15168,8391,15377,15462,15433,15393,15142,8330,15281,8251,15699,15643,8670,15250,15615,8529,8656,15582,15564,15372,8549,8359,8360,15121,15167,15664,15125,0,0
"2026-09-14 00:00:00",10285,10221,10203,10172,10230,5023,10248,5099,10005,4913,10308,5073,10039,10170,5166,10216,10221,10271,4941,10222,10216,5035,10147,5083,10218,10230,10079,9883,10241,5135,10148,5071,9994,10306,10034,10290,10069,5083,10207,10180,5071,10114,5070,10081,4964,10240,10182,10057,10137,10022,4970,10191,5027,10239,10157,5135,10145,10334,5076,5130,10356,10236,10158,5088,4967,5092,10040,10125,10247,9965,0,0
"2026-09-15 00:00:00",11395,11490,11583,11517,11561,5943,11643,5875,11631,5951,11654,5856,11853,11710,5991,11536,11521,11550,5983,11496,11653,5980,11865,5911,11377,11652,11440,11551,11607,5879,11804,5848,11609,11676,11750,11527,11753,5992,11459,11571,5980,11625,5919,11693,6022,11761,11555,11757,11894,11808,6025,11635,5746,11673,11557,6037,11663,11830,5925,5998,11674,11674,11543,5861,5983,5894,11578,11754,11657,11756,0,0
"2026-09-16 00:00:00",10470,10632,10753,10621,10397,5462,10421,5424,10364,5367,10576,5434,10607,10590,5431,10360,10322,10428,5367,10623,10761,5475,10668,5502,10412,10592,10357,10404,10457,5380,7551,5415,10584,10555,10668,10450,10459,5558,10373,10594,5478,10583,5430,7488,5401,10592,10428,10559,10687,10753,5408,10561,5465,10410,10467,5490,10577,10679,5398,5477,10498,10579,10586,5308,5371,5463,10560,10548,10574,10554,0,0
"2026-09-17 00:00:00",12846,13417,13293,13361,12987,6873,13057,6517,13192,6756,13113,6499,13456,13428,6652,13013,12969,13004,6769,13315,13343,6837,13467,6753,12860,13005,13232,13256,13047,6604,6950,6762,13309,13014,13448,13041,13566,6840,12940,13463,6781,13350,6554,6934,6749,13475,12933,13519,13511,13351,6760,13346,6640,13063,12917,6827,13477,13435,6570,6608,13081,13067,13429,6590,6862,6801,13316,13354,12939,13441,0,0
"2026-09-18 00:00:00",2613,2618,2617,2616,2620,2385,2617,2412,2565,2385,2686,2398,2610,2615,2383,2620,2618,2608,2380,2589,2620,2384,2613,2388,2619,2687,2565,2615,2607,2389,1365,2337,2614,2677,2622,2608,2614,2389,2611,2615,2379,2616,2388,1364,2381,2614,2620,2613,2614,2611,2380,2616,2385,2685,2682,2389,2614,2621,2409,2394,2611,2622,2614,2388,2378,2389,2611,2616,2675,2609,0,0
"2026-09-19 00:00:00",12107,12149,12082,12082,12102,6501,12089,6494,11973,6427,12346,6503,12176,12275,6552,11890,11884,12138,6448,12124,12255,6472,12005,6454,11955,12357,11977,12024,12134,6452,6184,6352,12177,12411,12113,12148,12143,6557,11814,12130,6410,12137,6476,6283,6473,12203,12061,12168,12155,12030,6405,12170,6309,12270,12218,6533,12049,12227,6502,6628,12236,12213,12122,6436,6499,6448,12115,12224,12424,12126,0,0
"2026-09-20 00:00:00",11262,11618,11608,11651,11306,6307,11375,6189,11500,6203,11697,6169,11806,11826,6254,11307,11314,11419,6339,11651,11527,6317,11988,6370,11270,11684,11570,11481,11323,6163,6256,6270,11562,11631,11549,11282,11878,6276,11239,11680,6407,11889,6215,6178,6326,11653,11394,11705,11880,11772,6352,11553,6166,11589,11458,6315,11862,11625,6264,6290,11501,11576,11604,6136,6319,6327,11730,11793,11586,11729,0,0
"2026-09-21 00:00:00",9213,9358,9225,9323,9236,4645,9250,4573,9126,4553,9344,4548,9285,9279,4658,9192,9189,9304,4542,9270,9315,4628,9233,4611,9275,9357,9141,9028,9242,4649,4725,4563,9308,9269,9208,9261,9279,4649,9271,9281,4611,7436,4595,4732,3736,9381,9215,9322,9259,9280,4599,9348,4623,9233,9154,4646,9265,9336,4609,4625,9371,9292,9250,4576,4616,4633,9203,9252,9221,9282,0,3381
"2026-09-22 00:00:00",16395,15644,15763,15841,16361,8676,16521,8849,15569,8806,16815,8813,16395,16045,9095,16258,16424,16499,8748,15931,15932,8678,16455,8738,16160,16693,15831,15839,16518,8930,8547,8648,15713,16546,16157,16577,16235,8755,15536,15922,8818,16006,9072,8570,8683,15885,16406,15871,16165,16190,8767,15927,8464,16745,16423,8810,16010,16043,9019,9079,16612,16527,15619,8846,8882,8639,15812,16002,16373,16277,0,8740
"2026-09-23 00:00:00",14676,14788,14702,14805,14869,7907,14764,8043,14565,7853,15063,7780,14735,14880,7893,14917,14766,14800,7818,14651,14691,7897,14963,7874,14794,14950,14520,14687,14662,7854,6189,7781,14875,14695,14887,14640,14667,7915,14570,14823,7971,12911,7803,6168,6944,15026,14741,14990,14971,15002,7807,14895,7766,15036,15056,7931,14778,14930,7923,7827,14759,14866,14756,7801,7912,7871,14738,14962,14710,14840,0,8255
"2026-09-24 00:00:00",12199,12413,12372,12397,12247,6513,12306,6430,12191,6433,12552,6382,12476,12288,6492,12260,12189,12314,6425,12421,12551,6525,12308,6566,12235,12620,12195,12183,12313,6436,6220,6486,12281,12471,12305,12343,12495,6568,12254,12372,6549,12259,6470,6209,6423,12540,12231,12433,12298,12269,6442,12476,6475,12449,12407,6511,12360,12549,6464,6567,12393,12465,12289,6395,6457,6532,12227,12321,12426,12228,0,12083
"2026-09-25 00:00:00",2132,2146,2129,2143,2130,1984,2129,1995,2090,1964,2213,1975,2137,2116,1968,2143,2142,2130,1952,2109,2118,1954,2114,1957,2141,2216,2087,2123,2130,1982,1099,1932,2142,2198,2130,2132,2194,1969,2140,2127,1936,2128,1979,1093,1965,2123,2131,2135,2116,2139,1976,2129,1965,2208,2209,1969,2116,2133,1991,1969,2130,2131,2126,1965,1977,1986,2115,2114,2195,2142,0,2124
"2026-09-26 00:00:00",10428,10381,10287,10361,10542,5330,10615,5319,10121,5276,10732,5252,10449,10362,5429,10536,10535,10558,5274,10344,10369,5317,10403,5366,10469,10719,10135,10187,10515,5385,5361,5235,10341,10500,10362,10487,10409,5382,10555,10364,5317,10310,5435,5331,5261,10437,10507,10405,10395,10331,5260,10365,5231,10611,10508,5319,10376,10425,5411,5468,10662,10605,10352,5323,5300,5334,10276,10372,10440,10287,0,10170
"2026-09-27 00:00:00",11990,12472,12145,12442,12101,6176,12056,6156,11993,6159,12126,6120,12224,12252,6129,12090,11963,11981,6248,11928,11941,6180,12383,6052,12159,12100,12035,12027,11932,6158,6358,6084,12229,12004,12195,11959,12252,6154,12147,12112,6197,12253,6103,6352,6169,12254,12022,12216,12417,12107,6137,12181,6137,12065,12081,6144,12137,12216,6094,6186,12065,12132,12040,6065,6160,6267,12104,12203,11983,12106,0,12072
"2026-09-28 00:00:00",4955,4958,4964,4945,4954,2427,4957,2415,4915,2400,4961,2404,4976,4944,2449,4934,4908,4949,2411,4983,5000,2448,4961,2463,4835,4955,4922,4831,4954,2379,2581,2431,4925,4941,4927,4967,4972,2473,4787,4965,2435,4984,2420,2567,2430,5017,4927,4936,4972,4960,2434,4985,2445,4914,4890,2463,4983,5023,2424,2450,4993,4980,4955,2404,2418,2432,4933,4940,4917,4946,0,4877
"2026-09-29 00:00:00",13383,13481,13440,13436,13357,7889,13427,7941,13143,7587,13815,7965,13530,13420,8032,13408,13318,13453,7649,13479,13459,7723,13366,7992,13221,13717,13216,13244,13454,7970,6859,7866,13397,13842,13157,13347,13796,8047,13183,13478,7782,13322,7832,6848,7697,13425,13380,13249,13333,13201,7653,13391,7707,13876,13761,7983,13221,13564,7912,7963,13486,13406,13452,7939,7814,7860,13115,13337,13835,13221,0,13244
"2026-09-30 00:00:00",15843,15842,15821,15926,15946,9519,15818,9613,15594,9328,16279,9523,16115,15922,9474,16021,15810,15919,9302,16005,15942,9557,15956,9552,15902,16266,15644,15850,15762,9344,8268,9373,15924,16388,15864,15811,16238,9613,15942,15885,9582,15885,9385,8290,9372,15778,15777,15868,15843,15781,9420,15820,9298,16300,16439,9495,15908,15869,9356,9474,15953,15963,15805,9339,9456,9522,15823,15922,16349,15846,0,15587