"DateTime","DC Voltage for SYNERGY_UNIT (7B90A33C)","DC Voltage for SYNERGY_UNIT (7B90A7CB)","DC Voltage for SYNERGY_UNIT (7B90AA81)","DC Voltage for SYNERGY_UNIT (7B90AA82)","DC Voltage for SYNERGY_UNIT (7B90AA83)","DC Voltage for SYNERGY_UNIT (7B90AA85)","DC Voltage for SYNERGY_UNIT (7B90AA87)","DC Voltage for SYNERGY_UNIT (7B90AA89)","DC Voltage for SYNERGY_UNIT (7B90AA8A)","DC Voltage for SYNERGY_UNIT (7B90AA8B)","DC Voltage for SYNERGY_UNIT (7B90AA8F)","DC Voltage for SYNERGY_UNIT (7B90AE1B)","DC Voltage for SYNERGY_UNIT (7B90AE22)","DC Voltage for SYNERGY_UNIT (7B90AE49)","DC Voltage for SYNERGY_UNIT (7B90AE4E)","DC Voltage for SYNERGY_UNIT (7B90AE51)","DC Voltage for SYNERGY_UNIT (7B90AE53)","DC Voltage for SYNERGY_UNIT (7B90AE54)","DC Voltage for SYNERGY_UNIT (7B90AE55)","DC Voltage for SYNERGY_UNIT (7B90AE57)","DC Voltage for SYNERGY_UNIT (7B90AE59)","DC Voltage for SYNERGY_UNIT (7B90AE5A)","DC Voltage for SYNERGY_UNIT (7B90AE61)","DC Voltage for SYNERGY_UNIT (7B90AE68)","DC Voltage for SYNERGY_UNIT (7B90AE6A)","DC Voltage for SYNERGY_UNIT (7B90AE6B)","DC Voltage for SYNERGY_UNIT (7B90AE6C)","DC Voltage for SYNERGY_UNIT (7B90AE74)","DC Voltage for SYNERGY_UNIT (7B90AE7C)","DC Voltage for SYNERGY_UNIT (7B90AE7D)","DC Voltage for SYNERGY_UNIT (7B90AE7F)","DC Voltage for SYNERGY_UNIT (7B90AE81)","DC Voltage for SYNERGY_UNIT (7B90AE87)","DC Voltage for SYNERGY_UNIT (7B90AE88)","DC Voltage for SYNERGY_UNIT (7B90AE8A)","DC Voltage for SYNERGY_UNIT (7B90AE92)","DC Voltage for SYNERGY_UNIT (7B90AE97)","DC Voltage for SYNERGY_UNIT (7B90AEA2)","DC Voltage for SYNERGY_UNIT (7B90AEA7)","DC Voltage for SYNERGY_UNIT (7B90AEAA)","DC Voltage for SYNERGY_UNIT (7B90AEAB)","DC Voltage for SYNERGY_UNIT (7B90AEAC)","DC Voltage for SYNERGY_UNIT (7B90AEAF)","DC Voltage for SYNERGY_UNIT (7B90AECA)","DC Voltage for SYNERGY_UNIT (7B90AECC)","DC Voltage for SYNERGY_UNIT (7B90AECF)","DC Voltage for SYNERGY_UNIT (7B90AED4)","DC Voltage for SYNERGY_UNIT (7B90AED5)","DC Voltage for SYNERGY_UNIT (7B90AED6)","DC Voltage for SYNERGY_UNIT (7B90AEDA)","DC Voltage for SYNERGY_UNIT (7B90AEDB)","DC Voltage for SYNERGY_UNIT (7B90AEE0)","DC Voltage for SYNERGY_UNIT (7B90AEE1)","DC Voltage for SYNERGY_UNIT (7B90B0B7)","DC Voltage for SYNERGY_UNIT (7B90B0BB)","DC Voltage for SYNERGY_UNIT (7B90B0BC)","DC Voltage for SYNERGY_UNIT (7B90B0D4)","DC Voltage for SYNERGY_UNIT (7B90B0D5)","DC Voltage for SYNERGY_UNIT (7B90B0D6)","DC Voltage for SYNERGY_UNIT (7B90B0D9)","DC Voltage for SYNERGY_UNIT (7B90B0DB)","DC Voltage for SYNERGY_UNIT (7B90DC55)","DC Voltage for SYNERGY_UNIT (7B90DC59)","DC Voltage for SYNERGY_UNIT (7B90DC5B)","DC Voltage for SYNERGY_UNIT (7B90DC5C)","DC Voltage for SYNERGY_UNIT (7B9685D9)","DC Voltage for SYNERGY_UNIT (7B968657)","DC Voltage for SYNERGY_UNIT (7B9687AC)","DC Voltage for SYNERGY_UNIT (7B9687EE)","DC Voltage for SYNERGY_UNIT (7B968953)","DC Voltage for SYNERGY_UNIT (7B968BD0)","DC Voltage for SYNERGY_UNIT (7B98BD53)"
"2026-09-01 00:00:00",791.4695,794.28784,788.8167,787.6198,787.8722,747.78845,786.6934,741.85626,769.1657,739.4503,787.5691,742.3409,786.0802,787.0054,746.14386,788.611,786.7236,790.02454,740.48413,788.7138,787.38916,747.85974,787.78125,741.51044,789.0326,792.6805,771.90375,786.25995,786.357,744.709,724.3208,727.21783,785.52374,786.92163,785.27246,786.87067,793.26056,745.73236,791.7302,785.7137,742.5185,793.8318,744.98694,718.8191,743.0324,718.17786,787.36017,785.39795,784.7358,792.83527,742.64484,723.8421,711.5035,786.51154,791.81104,748.6069,785.27594,794.4157,749.8414,747.3565,786.24634,788.9482,783.6602,741.633,743.94354,745.97815,786.5089,790.02454,783.02985,788.1882,0,0
"2026-09-02 00:00:00",794.73016,789.6649,790.438,789.5007,795.7567,751.2892,796.3878,749.83496,780.9336,753.7419,800.95233,750.2838,789.3908,791.5769,750.9273,795.86273,795.3082,793.95575,745.8135,787.07855,785.844,750.75073,786.84735,752.6462,796.48486,802.4821,780.12115,797.2719,795.94855,751.65497,729.2866,741.6395,790.18335,795.9298,795.6721,795.4032,786.4285,745.09985,796.5456,783.16833,747.03625,795.11816,751.3756,725.1366,749.5728,727.63477,794.5234,791.2709,791.0661,796.4627,744.79584,725.64905,710.56244,795.8982,794.5099,750.7166,786.51025,785.9893,749.612,751.3466,792.9435,790.3197,785.91406,751.7918,750.3095,751.59296,790.1342,795.98224,791.191,795.87036,0,0
"2026-09-03 00:00:00",772.8152,769.7863,763.4325,765.9417,772.1765,735.41077,769.93536,733.6605,750.6169,734.93024,774.60767,734.43524,768.56915,769.1824,733.8176,768.0733,768.35034,763.51,734.0852,765.0875,769.249,736.19196,769.2718,740.57544,768.43994,768.6179,753.19604,774.0124,769.3133,739.19934,727.327,721.85583,764.66895,762.8962,764.5766,770.0281,769.59,735.9047,766.0583,765.8934,736.0034,772.7683,731.2558,718.22784,734.8469,721.8282,768.98456,765.4938,766.94025,771.0411,735.528,721.7058,709.5613,766.5497,772.0363,740.22565,770.951,770.5713,739.23834,734.90985,767.67505,768.86456,770.6031,734.31915,739.7013,739.91003,766.30023,775.171,762.1958,765.9585,0,0
"2026-09-04 00:00:00",809.41144,798.75555,805.0712,808.7239,794.8889,785.584,795.75275,780.9201,785.68945,792.3168,805.0338,781.8343,797.2572,804.26825,783.3436,795.8292,797.4794,799.309,787.5282,792.8689,793.2416,785.4253,799.5927,791.19586,796.81085,808.31976,783.21643,798.7613,799.95264,793.1116,750.5577,773.2394,793.4459,793.12756,794.3493,800.7935,787.1561,786.4065,805.2151,793.21716,787.0265,803.7485,783.41144,742.3946,794.2473,745.94885,803.86707,795.4344,795.54395,802.2444,789.8393,746.55493,735.2852,790.14233,793.34985,789.1407,789.1048,803.3174,793.44464,788.5874,796.2261,800.6537,797.5903,788.39294,785.4908,795.5793,797.90607,791.8771,798.6076,797.5587,0,0
"2026-09-05 00:00:00",786.2397,787.4575,787.2272,780.6662,775.88904,738.21985,776.9429,731.5338,770.7417,735.6982,782.7725,731.3771,780.9655,781.9509,735.8947,785.9084,776.0598,775.9663,731.77045,781.736,782.73456,732.13226,782.5889,736.0057,781.2138,786.779,772.2575,781.67883,777.2762,737.0956,728.4128,723.7031,782.95874,776.8799,772.158,778.18054,781.9337,735.3431,781.73773,782.74884,736.224,787.6247,729.3159,727.58215,735.6008,733.25604,776.6676,782.1697,787.01764,786.6599,732.01135,733.5059,722.94403,778.6951,780.91144,739.94586,776.8812,788.4687,740.0264,732.469,777.4049,777.05743,781.84705,730.19885,737.9728,742.74603,774.90955,785.5474,775.6208,780.2987,0,0
"2026-09-06 00:00:00",793.0478,796.19305,781.4434,788.64825,783.4059,750.7462,783.0708,753.00214,776.07764,754.36707,795.23083,751.10846,787.8139,789.6288,749.2712,789.2461,789.9342,789.0025,749.4074,786.7136,786.6037,748.7676,789.09607,760.3058,789.74164,795.20465,777.3451,786.68256,787.43274,756.0763,728.2279,739.7232,800.8591,790.5185,790.1775,788.8452,795.24146,751.8289,796.0841,785.31476,752.3256,792.0969,751.2881,731.9069,750.3461,729.1472,790.19916,787.5886,788.31195,792.8813,750.5204,731.38477,713.6726,787.9401,787.5576,758.68414,790.9719,796.263,756.2749,745.2653,786.8275,790.8648,789.1406,750.1295,754.18945,749.053,787.3672,800.06036,791.0945,791.72595,0,0
"2026-09-07 00:00:00",805.47174,802.1062,802.24176,801.82007,800.1765,744.8959,802.0167,742.9662,790.9002,747.7697,806.14215,742.6249,801.1457,801.6487,744.3163,802.6527,798.4628,801.48645,743.71454,801.3853,801.84125,749.2243,803.3242,744.739,801.7923,807.5219,790.57184,804.43835,800.8803,748.4518,741.14856,734.357,805.51807,800.9336,806.7148,800.3422,801.8378,745.4132,806.955,801.783,745.7502,807.05896,742.9867,734.2745,743.6359,731.1516,800.9004,801.69794,801.16956,806.6541,744.9945,734.8849,718.8303,801.444,798.5139,745.9585,802.0473,801.53235,747.859,743.38654,802.07587,800.0734,801.7687,743.053,747.73706,745.6377,800.43555,801.9232,799.6968,801.1832,0,0
"2026-09-08 00:00:00",802.6443,803.30536,797.3619,798.79315,793.48303,758.006,794.5206,758.0288,782.8915,753.9032,798.3435,755.7249,798.4799,799.0455,757.81726,798.6919,798.23016,798.31335,754.63416,793.0376,793.6374,758.69806,798.19604,753.7274,798.0872,802.422,783.8977,802.7085,799.07104,762.04724,737.89105,744.7795,796.93976,799.07263,800.40533,797.6646,804.4981,759.3571,804.25433,800.212,760.3021,803.0983,756.9278,733.39685,758.08374,732.9666,797.2058,798.4649,798.9717,797.88873,757.6701,733.2365,717.5253,798.5892,797.8814,759.56146,792.14996,798.695,760.206,753.77155,798.6838,798.12494,798.7674,755.9237,752.7573,763.0479,791.4882,803.58374,798.2018,792.9755,0,0
"2026-09-09 00:00:00",790.4489,783.09045,787.18713,782.4512,779.9051,743.8348,782.0396,743.2305,771.12744,742.87085,786.70746,739.0731,783.44977,780.97345,739.56976,792.02686,783.80133,777.5825,743.9523,777.0145,779.92334,743.4304,788.7484,743.86237,783.454,785.88,768.6851,782.78253,786.5006,743.3333,731.8857,729.3478,786.68176,776.1599,782.0723,785.8827,785.1389,738.79926,792.2535,779.66974,740.07275,793.452,744.6835,726.654,743.5747,727.48553,786.2506,782.7334,787.4275,791.7843,743.82385,723.33545,713.3444,785.1948,784.3275,743.70544,781.81573,790.72473,747.59216,739.9354,782.5632,787.99634,778.0667,743.4022,742.20776,748.658,778.04285,784.1067,780.6797,783.5835,0,0
"2026-09-10 00:00:00",739.5741,741.197,734.37756,734.8843,740.8029,715.5927,736.9453,710.92554,727.0781,715.5028,738.3259,712.46075,735.2165,736.1153,715.6333,737.32153,736.5144,738.41016,714.36194,734.64355,735.4441,716.5897,735.7157,710.7537,736.76776,737.3785,726.4974,735.66516,735.74615,720.12775,723.3427,707.8718,740.7667,735.32526,736.1979,736.3407,735.74396,711.7516,743.74115,735.43115,714.5684,740.7656,711.4846,718.57294,714.91187,718.48065,734.6701,735.2189,740.24243,740.983,713.6032,722.9933,713.7231,737.3626,735.40076,716.2547,736.29724,735.64185,718.6134,714.88776,735.27484,736.67755,735.91376,714.16296,717.29517,716.1607,740.34424,742.4886,739.88275,737.7389,0,0
"2026-09-11 00:00:00",825.88666,833.12103,826.26074,831.2597,836.1726,821.6832,829.88824,827.13043,813.1808,826.17334,827.26245,826.8215,830.072,833.5781,828.5426,828.90894,829.76025,827.77875,826.81445,825.9632,829.4916,832.548,831.1643,820.4899,829.1322,825.8132,812.6943,832.8138,827.1076,826.73944,757.2554,808.87836,835.88196,820.6712,829.47626,829.8401,828.4541,821.7355,827.7031,826.74506,822.8579,834.3223,822.1179,753.51,826.2242,750.6871,825.2984,829.1134,830.1466,830.7509,824.3298,752.8247,751.771,824.0114,823.4639,829.11176,830.92206,833.66595,820.6838,828.0684,827.4377,828.40845,832.05664,819.82806,818.6569,829.3941,830.4083,836.1958,824.086,829.1302,0,0
"2026-09-12 00:00:00",785.68066,786.42914,790.9437,785.44403,784.8257,746.53845,774.3491,743.6869,765.8529,750.1133,790.87305,737.5841,781.2535,784.905,749.0081,775.4021,775.8877,781.37384,748.3533,785.31714,787.2236,755.11115,780.09845,748.20795,776.0062,775.02423,765.6853,779.4716,780.4691,753.6977,734.2155,736.5324,781.4107,775.40594,780.1164,780.7658,784.8418,746.261,774.82074,785.96423,750.1991,790.42395,740.37646,735.08307,754.5887,733.1246,774.2019,781.1719,780.26996,784.60956,749.31165,733.2095,718.0068,775.6077,775.5105,759.35547,785.718,792.28,757.3416,744.2471,779.9154,776.1492,785.47626,743.8303,748.8382,749.57324,786.2574,791.648,775.1192,785.67883,0,0
"2026-09-13 00:00:00",795.06744,783.1291,793.67145,787.72437,791.2451,749.1946,791.9777,747.6383,775.7973,744.51965,792.91205,747.56665,762.1261,782.17487,747.69183,794.745,791.5279,789.8893,746.16956,781.2615,786.8311,742.8599,787.4759,752.3579,786.1483,788.1428,771.85925,791.9,791.1568,753.40955,722.0341,733.653,795.92444,786.99835,787.99927,791.6881,794.8613,747.2856,794.2031,786.23804,738.14355,796.71265,748.6105,718.6624,741.4266,721.7853,791.9802,786.9602,791.30817,788.6473,723.1202,720.81213,708.72327,789.8132,788.4153,752.95465,784.4353,788.72546,752.0113,748.45685,791.6108,787.84625,791.47186,746.80023,739.3826,743.41846,785.8721,791.20654,790.23206,775.7227,0,0
"2026-09-14 00:00:00",743.7091,739.8652,743.1518,742.34143,746.3661,700.4253,741.736,700.5062,732.6496,700.15765,743.6056,701.9065,737.8543,752.2088,701.1551,741.18256,741.3842,740.5062,700.41693,739.67163,739.65515,700.8394,739.1316,707.661,748.73364,738.53345,733.7882,737.2065,741.45776,706.22845,700.2028,692.4672,729.3388,741.8677,737.4046,746.53064,744.0398,702.52905,743.941,739.21686,701.87274,751.68176,701.91,699.8356,702.6576,699.98694,742.0409,727.6789,741.3135,742.1762,701.5096,700.2744,698.38837,740.8385,740.82074,711.61475,740.9396,749.99176,707.3391,701.98737,739.9554,739.6674,739.192,701.89703,707.0974,704.6826,736.97705,748.2566,740.92676,736.2701,0,0
"2026-09-15 00:00:00",769.63654,767.3512,768.315,764.09216,770.235,727.6925,764.67395,729.09265,752.10144,726.09076,768.9184,727.3105,764.83057,764.2185,729.2392,770.7732,764.5777,765.58276,728.19244,762.47614,762.75574,729.67065,762.6644,731.52795,764.8136,770.7621,754.7219,768.9859,765.4876,735.2502,723.9711,717.7515,766.5784,765.32605,761.24457,765.75366,769.3357,727.4149,769.0973,761.6177,727.15753,771.5685,728.9273,721.87384,732.38617,718.95074,765.70996,764.47565,762.29865,766.8745,726.7243,721.2019,710.9579,764.748,764.7371,738.1332,751.13556,775.3474,734.2043,729.40314,765.8327,765.155,763.9897,727.813,726.09265,733.6122,751.1118,769.52765,763.13983,762.89795,0,0
"2026-09-16 00:00:00",758.43146,753.8591,757.8541,753.37317,753.8101,733.77356,753.1978,733.6887,739.18365,741.5384,757.19385,735.62463,748.36536,753.6044,734.85443,758.98645,749.5594,753.2755,731.786,753.8115,752.8168,731.7902,753.8118,739.88245,753.4284,757.068,739.0982,758.419,752.9862,739.1188,651.4218,715.8453,758.2297,752.59546,754.6642,753.0128,753.2065,732.7874,753.56134,753.85876,736.4793,758.1518,735.3261,501.6925,734.4028,720.1496,751.8493,753.67224,753.9203,758.6481,729.76117,720.36896,718.391,751.98175,752.8139,739.5193,753.03314,753.7157,737.60925,734.3294,753.0911,752.77484,753.53357,734.2243,737.2916,739.4835,752.51013,758.2534,753.4075,753.4703,0,0
"2026-09-17 00:00:00",767.79877,767.06824,761.8683,765.2229,768.4399,736.52295,763.52563,730.0788,751.89624,742.13995,769.2662,730.66785,769.90594,769.8278,730.0383,768.0266,763.8697,762.922,736.5997,763.32324,765.22736,738.29803,768.6875,735.1225,764.47736,763.87787,753.0047,771.28265,763.5615,729.821,497.291,721.79333,767.0279,764.14197,769.9865,763.5023,772.7268,732.18677,769.2276,765.73016,732.31915,768.21344,730.60333,373.38696,731.9749,719.4554,763.9268,770.6393,769.8051,773.30774,737.5791,716.459,712.43384,761.38025,763.3089,732.4681,770.7065,766.37537,728.7509,731.256,764.5223,765.0176,764.1129,729.97864,736.6867,730.76154,766.47,767.0974,763.003,766.70276,0,0
"2026-09-18 00:00:00",837.8877,838.5176,832.43256,831.31744,831.94556,813.95624,831.8602,812.11066,815.29694,808.92706,834.8313,812.9455,825.4199,834.0431,816.8664,833.9969,826.0012,826.5291,817.83105,817.4225,822.28033,817.92303,831.36554,823.94916,829.0981,829.81036,813.3135,834.2709,830.4481,815.793,504.79453,800.5749,829.38446,817.37537,830.96185,825.4922,836.6148,815.77075,827.65063,830.17126,818.88135,826.7308,811.07184,389.83792,813.77686,749.30615,830.6325,830.4407,829.45654,835.50183,817.5212,748.45264,745.078,821.4809,833.6362,824.7169,818.4556,839.69464,818.92676,816.3513,826.4343,832.1983,828.87427,819.3018,824.4746,815.46204,829.5917,832.1796,818.26373,830.3609,0,0
"2026-09-19 00:00:00",750.38153,750.26984,742.50397,744.7379,747.6244,712.5015,746.12787,706.9163,728.95044,706.99585,750.07446,708.2805,741.37585,751.72833,707.5811,742.71796,740.82935,745.55524,708.1244,742.62964,743.7096,706.8084,744.304,714.56934,744.2564,745.2312,727.114,745.2137,748.7987,712.2594,613.1767,695.2402,742.09937,745.1805,746.0709,745.7735,746.4662,708.9719,747.44495,742.26465,703.0069,749.11456,703.0172,364.21036,707.7931,699.6057,747.7778,745.4279,741.9845,742.80676,706.74976,699.5321,683.2855,746.18976,742.8736,714.36084,743.88257,743.21356,712.1396,708.05304,747.7868,748.7498,746.77673,707.37354,707.64404,713.81525,743.3252,750.2773,744.2551,743.14825,0,0
"2026-09-20 00:00:00",767.4917,773.4699,767.55786,768.6659,751.1038,741.51666,753.05194,730.1457,754.3454,731.4524,766.996,733.5981,769.36346,778.4542,734.754,761.11383,756.3433,757.29254,741.59595,770.03253,769.21185,748.4274,770.3628,745.3693,755.30835,772.5099,754.37714,769.8022,756.40533,741.372,661.3987,726.2788,773.27313,757.2778,770.61273,757.5246,774.6978,741.3393,757.5942,770.51526,747.3698,775.012,736.1851,381.53857,742.1322,728.15753,756.55774,770.778,775.846,768.88214,742.7294,728.4401,715.2244,750.82855,766.86884,740.75256,772.2403,773.5493,744.73596,729.7049,757.0857,757.41705,772.8202,730.84186,740.27686,739.55853,769.9614,779.47577,758.4738,768.3647,0,0
"2026-09-21 00:00:00",752.4931,755.3788,746.62714,752.1863,747.4417,719.3741,747.5611,710.38477,734.5677,709.9927,755.60394,709.55347,749.3605,749.94324,714.4755,753.0059,746.2931,746.97534,709.9516,747.09406,745.1387,714.5522,741.14716,718.8298,750.7823,756.071,735.89026,735.46063,747.0229,714.5455,648.7034,704.8419,753.8667,747.4714,740.8667,746.0235,749.1009,715.23694,751.60803,744.9631,714.895,696.7578,707.6652,370.98425,684.93555,720.9776,746.05707,750.0626,741.139,750.3026,715.0143,718.8406,717.2201,747.2312,746.96265,720.1844,745.2353,752.1611,719.97906,710.14465,751.6259,747.6283,748.5785,709.9457,724.06757,724.3135,747.3668,753.88214,748.2986,750.4904,0,644.99005
"2026-09-22 00:00:00",792.7067,795.9419,795.7404,792.11255,792.0313,749.24554,786.4385,745.98486,774.8379,747.6958,792.1723,745.98645,794.2409,792.8386,747.84607,799.94244,792.78864,788.94696,747.2693,784.65485,787.09814,746.0526,791.94604,747.69434,785.78577,787.9092,779.52484,793.8713,786.73315,752.1808,510.6089,734.776,797.19556,786.94684,795.63,787.41174,797.2855,747.23584,781.47,796.98627,751.30524,793.2862,750.684,385.93457,745.3724,731.3521,786.5918,781.83,787.7471,791.4179,748.74744,728.8351,716.002,785.8015,789.34875,754.4478,777.2143,793.79517,751.4306,745.6718,786.4137,789.87006,792.08167,747.7937,749.1416,754.523,776.91925,795.93994,785.4573,794.85406,0,747.7787
"2026-09-23 00:00:00",787.1707,788.7778,788.7879,783.64496,784.719,751.31506,777.90515,742.2352,768.7534,753.882,781.3285,742.11096,760.86505,789.99194,749.2717,779.395,780.1334,778.49475,747.368,778.1071,784.07635,747.697,783.69244,748.4411,777.21924,787.2066,766.9423,788.5691,781.7505,750.1588,338.36868,735.3321,784.4866,777.954,785.12665,780.7959,765.9679,750.3717,781.7075,785.2014,747.6909,741.4444,745.3308,337.79672,694.52795,729.7926,780.9384,781.90063,783.6365,788.1893,734.59247,735.1557,715.5447,776.5773,782.18524,756.0895,777.0924,787.70215,752.90094,743.5196,778.87573,781.6061,785.4386,745.67255,754.4636,757.7642,776.06696,786.9852,775.5675,781.9128,0,722.9285
"2026-09-24 00:00:00",752.20715,761.80835,754.40027,752.3638,751.5705,713.8255,749.65607,709.43964,740.1043,717.1723,761.2923,710.4924,698.28674,755.2363,710.0174,753.87805,751.4544,750.61176,712.2253,755.2006,752.20746,716.46497,756.0334,712.25323,749.3847,756.6702,744.1384,750.9752,750.27734,713.9987,449.91916,705.5547,750.1979,745.7913,746.0097,747.98865,709.00507,711.3313,750.3168,746.75134,710.5435,751.37463,708.4945,352.45944,710.85455,706.00684,748.7991,745.81024,748.78253,754.80194,688.75476,705.5959,688.71515,754.2237,749.36884,714.2611,751.93585,761.66223,716.57355,709.1882,750.8274,753.90295,756.1333,711.85016,715.14716,711.21606,747.7507,758.8184,740.54474,752.896,0,753.01086
"2026-09-25 00:00:00",802.39417,824.21783,812.21265,811.4082,809.44135,805.2658,792.42194,795.7291,787.5014,791.88367,815.4737,784.68604,727.3427,803.6835,785.0754,820.0219,810.0492,794.01666,783.505,798.84784,801.5313,790.9304,799.4687,791.88983,812.0957,818.5708,790.2766,816.6152,800.3467,809.69403,505.0324,775.905,816.6251,805.5863,805.0602,812.9786,740.09625,788.129,812.29877,803.7203,781.75256,817.2311,796.55597,377.8392,790.4255,731.80145,808.3551,805.9331,797.5258,819.4135,723.2874,736.369,718.9884,805.0888,808.2798,799.0363,804.10803,815.4803,801.41895,793.99835,803.7216,805.7007,815.27167,791.02234,800.5904,806.17145,804.3234,808.0655,804.157,813.7834,0,855.2283
"2026-09-26 00:00:00",750.70886,757.5213,752.2534,752.5245,757.007,720.07587,757.57886,721.25085,737.3726,717.6156,762.17413,716.39484,714.9034,752.458,720.7615,758.11755,757.7028,757.43146,715.04553,752.51605,752.8854,721.1434,752.77246,720.16534,756.9404,761.9494,736.9494,751.92444,752.13715,719.3286,384.16766,701.74786,753.82007,752.5161,752.774,751.8059,720.26135,715.96716,763.6805,752.7538,715.9272,756.6306,725.1047,367.11325,715.0291,714.1595,752.40576,751.92395,752.29596,757.7775,707.2302,713.9571,706.71014,757.09393,756.6322,721.045,752.34937,757.14026,730.26276,720.4019,756.8002,752.0051,752.21466,713.33795,723.1455,726.5518,751.20447,757.94165,752.8695,752.9543,0,756.89
"2026-09-27 00:00:00",771.95,774.4292,767.012,772.95654,766.7438,721.4698,767.5999,726.7255,754.1416,730.0527,771.29755,726.87506,715.5978,763.34766,722.9065,771.5012,771.5587,766.25824,731.8382,753.12805,752.93414,721.5984,774.2591,719.15265,772.20526,772.35596,753.3163,771.94946,770.29865,726.4082,485.34296,711.26166,773.7408,772.0481,772.4871,770.8559,716.27594,721.0231,771.893,758.0731,727.22595,773.3416,727.5984,373.3514,725.56055,720.553,771.3532,769.1943,774.9665,763.65674,703.06793,724.95215,712.86426,771.29504,770.9162,728.0962,764.6848,773.9533,727.47766,724.61,765.8501,771.375,773.4201,729.73206,716.3694,728.434,763.52057,766.52496,772.3872,762.9517,0,773.786
"2026-09-28 00:00:00",712.2864,713.4893,706.93494,702.8648,702.3151,699.08136,702.8906,695.31305,703.51715,696.08356,707.6718,694.8375,708.8377,712.71765,694.8458,708.09467,701.8191,703.4299,695.31604,708.1337,708.5291,705.1257,703.23505,699.4423,704.73413,710.6789,703.136,712.2938,703.25635,701.9021,454.25375,694.93225,702.8484,701.45966,703.7916,702.80963,713.04095,698.7972,710.2524,708.0904,695.61725,712.4999,695.0593,364.20068,699.6631,708.2672,703.12866,702.8611,708.3019,713.1785,700.3195,707.5954,699.8566,700.62445,712.95197,704.3853,708.0638,708.1655,704.39233,695.1807,701.2748,702.93726,712.77936,695.1458,704.7022,704.94293,707.38055,712.6417,702.6947,708.28656,0,708.33496
"2026-09-29 00:00:00",789.5562,782.85016,788.1102,783.17584,790.4207,749.004,782.41846,747.0043,767.70636,745.6685,786.54565,748.2887,725.60614,777.4542,750.60815,788.0598,780.35986,786.03064,745.99493,782.57404,783.69586,751.9645,784.062,753.71655,780.9211,786.62177,767.7171,784.2189,784.7537,755.6078,656.0817,733.1354,788.48694,781.6713,782.25586,783.1873,709.1426,749.8665,788.0585,783.49445,742.9766,783.17285,747.3785,378.29388,746.6639,726.3663,782.8004,777.42474,782.6607,787.7127,714.6265,726.6239,714.9851,782.1865,778.36145,750.033,778.7823,783.67523,752.93787,750.3571,784.6182,785.48883,782.68604,745.9506,751.3671,753.2016,776.3648,782.4941,783.2914,782.1866,0,787.4413
"2026-09-30 00:00:00",797.61945,792.21155,798.04645,797.5992,795.46375,757.47736,795.1157,755.5428,779.1095,755.95074,796.9541,754.9147,729.06604,794.8102,756.38574,794.9142,791.7376,796.0934,753.84485,794.7951,793.00635,761.8084,793.8667,762.131,792.24475,799.1149,778.6565,796.5129,791.1708,758.789,663.65796,740.9458,799.50244,795.1611,793.77966,792.58545,734.23206,752.8185,795.82654,795.2962,753.8542,798.0256,754.6811,383.232,755.1535,730.3502,791.21,794.8411,798.6757,798.07074,709.3617,730.3057,709.88477,794.07886,793.9817,752.2076,792.029,794.4204,759.3102,757.1461,793.4917,792.9185,798.2332,755.6915,758.50134,751.8921,793.865,804.90936,796.91034,795.75305,0,816.15326