date,Consumed Energy_kWh,Exported Energy_kWh,Imported Energy_kWh,Inverters Produced_kWh,irradiance_DIRECT_source_units,irradiance_GHI_source_units,specific_yield_source_units,self_consumed_solar_kWh,solar_share_pct,Production_estimated_kWh,To Building_estimated_kWh,To Grid_estimated_kWh,Consumption_estimated_kWh,From Solar_estimated_kWh,From Grid_estimated_kWh,production_estimate_difference_kWh
2026-09-01,46850.656,28.854,33860.096,13019.418,6286.0386,0,5.154164,12990.564,27.727603216484308,12667.5,12630.0,37.5,46427.5,12630.0,33782.5,-351.91799999999967
2026-09-02,43222.488,53.192,31036.416,12239.264,6284.1245,0,4.8453145,12186.072,28.193823548519465,12015.0,11922.5,92.5,42862.5,11922.5,30932.5,-224.2639999999992
2026-09-03,36163.309,29.927,25306.112,10887.124,5135.636,0,4.310025,10857.197,30.022686806674688,10662.5,10637.5,25.0,36012.5,10637.5,25357.5,-224.6239999999998
2026-09-04,11894.224,52.668,9742.848,2204.044,4794.119,0,0.87254316,2151.3759999999997,18.08756922687852,2135.0,2082.5,50.0,11892.5,2082.5,9817.5,-69.04399999999987
2026-09-05,42202.909,29.97,31171.584,11061.295,5157.093,0,4.378977,11031.325,26.138778727314747,10882.5,10810.0,67.5,42070.0,10810.0,31250.0,-178.79500000000007
2026-09-06,33629.66,36.219,23413.76,10252.119,5512.3325,0,4.0586376,10215.900000000001,30.37764877789428,9895.0,9852.5,40.0,33232.5,9852.5,23372.5,-357.1190000000006
2026-09-07,40338.602,49.03,28282.368,12105.264,6159.229,0,4.792266,12056.233999999999,29.88758509776813,11860.0,11802.5,60.0,39947.5,11802.5,28132.5,-245.2639999999992
2026-09-08,41935.37,32.577,28205.056,13762.891,6904.8027,0,5.448492,13730.314,32.74160690605568,13245.0,13230.0,15.0,41497.5,13230.0,28255.0,-517.8909999999996
2026-09-09,41277.956,21.239,29392.384,11906.811,5829.67,0,4.7137017,11885.572,28.79399357855801,11537.5,11517.5,17.5,41057.5,11517.5,29542.5,-369.3109999999997
2026-09-10,45067.179,4.656,39316.48,5755.355,2461.973,0,2.2784462,5750.699,12.76028171188616,5620.0,5620.0,0.0,45310.0,5620.0,39677.5,-135.35499999999956
2026-09-11,13540.811,23.452,11296.768,2267.495,5878.1587,0,0.89766234,2244.0429999999997,16.572441635881336,2190.0,2177.5,15.0,13532.5,2177.5,11350.0,-77.49499999999989
2026-09-12,48061.529,40.948,36578.304,11524.173,5835.837,0,4.562222,11483.225,23.892758384777977,11110.0,11080.0,32.5,48130.0,11080.0,37052.5,-414.1730000000007
2026-09-13,40046.026,47.217,27692.544,12400.699,6106.4326,0,4.9092236,12353.482,30.848209507729933,12215.0,12137.5,80.0,39842.5,12137.5,27692.5,-185.69900000000052
2026-09-14,38371.566,1.662,30521.856,7851.372,3379.8293,0,3.1082232,7849.71,20.457100968983127,7625.0,7625.0,0.0,38335.0,7625.0,30702.5,-226.3720000000003
2026-09-15,43366.65,12.047,34143.23,9235.467,4251.2686,0,3.6561627,9223.42,21.268463208479325,8950.0,8945.0,5.0,43315.0,8945.0,34367.5,-285.46700000000055
2026-09-16,26462.118,18.303,18113.024,8367.397,3234.4795,0,3.3125088,8349.094000000001,31.55111771476494,8045.0,8037.5,10.0,26067.5,8037.5,18027.5,-322.39700000000084
2026-09-17,10154.538,0.0,0.0,10154.538,0.0,0,4.020007,10154.538,100.0,9777.5,9777.5,0.0,9777.5,9777.5,0.0,-377.03800000000047
2026-09-18,2323.832,0.0,0.0,2323.832,0.0,0,0.91996515,2323.832,100.0,2245.5925,2245.5925,0.0,2245.5925,2245.5925,0.0,-78.23949999999968
2026-09-19,9596.475,0.0,0.0,9596.475,0.0,0,3.7990797,9596.475,100.0,9062.5,9062.5,0.0,9062.5,9062.5,0.0,-533.9750000000004
2026-09-20,8956.692,0.0,0.0,8956.692,0.0,0,3.5458004,8956.692,100.0,8757.5,8757.5,0.0,8757.5,8757.5,0.0,-199.1919999999991
2026-09-21,7067.147,0.0,0.0,7067.147,0.0,0,2.7977622,7067.147,100.0,6870.0,6870.0,0.0,6870.0,6870.0,0.0,-197.14699999999993
2026-09-22,13037.732,0.0,0.0,13037.732,0.0,0,5.161414,13037.732,100.0,12440.0,12440.0,0.0,12440.0,12440.0,0.0,-597.732
2026-09-23,27245.733,31.07,15899.648,11377.155,0.0,0,4.50402,11346.085000000001,41.64353001624145,11120.0,11112.5,10.0,27260.0,11112.5,16147.5,-257.15500000000065
2026-09-24,32743.525,29.489,23301.632,9471.382,0.0,0,3.7495575,9441.893,28.83590877891125,9030.0,9015.0,15.0,32337.5,9015.0,23317.5,-441.3819999999996
2026-09-25,11486.275,15.071,9614.848,1886.498,0.0,0,0.74683213,1871.4270000000001,16.29272327190495,1852.5,1835.0,17.5,11510.0,1835.0,9687.5,-33.99800000000005
2026-09-26,40663.425,12.913,32650.24,8026.098,0.0,0,3.1773944,8013.185,19.706124115221478,7742.5,7742.5,0.0,40462.5,7742.5,32730.0,-283.59799999999996
2026-09-27,40140.322,35.265,30801.92,9373.667,0.0,0,3.7108736,9338.402,23.264392348422117,9067.5,9040.0,27.5,40002.5,9040.0,30955.0,-306.16699999999946
2026-09-28,39854.328,0.0,36096.51,3757.818,0.0,0,1.4876556,3757.818,9.428883106497242,3652.5,3652.5,0.0,39837.5,3652.5,36172.5,-105.31800000000021
2026-09-29,39187.891,68.313,28524.544,10731.66,0.0,0,4.24848,10663.347,27.21082132233143,10387.5,10302.5,87.5,38860.0,10302.5,28557.5,-344.15999999999985
2026-09-30,39410.031,54.337,26631.168,12833.2,0.0,0,5.0804434,12778.863000000001,32.425407125409265,12455.0,12420.0,30.0,39010.0,12420.0,26605.0,-378.2000000000007
