timestamp,Production_mean_kW,To Building_mean_kW,To Grid_mean_kW,Consumption_mean_kW,From Solar_mean_kW,From Grid_mean_kW,Production_estimated_kWh,To Building_estimated_kWh,To Grid_estimated_kWh,Consumption_estimated_kWh,From Solar_estimated_kWh,From Grid_estimated_kWh,sample_count
2026-09-01 00:00:00,0.0,0.0,0.0,1565.0,0.0,1565.0,0.0,0.0,0.0,1565.0,0.0,1565.0,4
2026-09-01 01:00:00,0.0,0.0,0.0,1597.5,0.0,1597.5,0.0,0.0,0.0,1597.5,0.0,1597.5,4
2026-09-01 02:00:00,0.0,0.0,0.0,2155.0,0.0,2155.0,0.0,0.0,0.0,2155.0,0.0,2155.0,4
2026-09-01 03:00:00,0.0,0.0,0.0,1915.0,0.0,1915.0,0.0,0.0,0.0,1915.0,0.0,1915.0,4
2026-09-01 04:00:00,0.0,0.0,0.0,1825.0,0.0,1825.0,0.0,0.0,0.0,1825.0,0.0,1825.0,4
2026-09-01 05:00:00,0.0,0.0,0.0,2135.0,0.0,2135.0,0.0,0.0,0.0,2135.0,0.0,2135.0,4
2026-09-01 06:00:00,27.5,27.5,0.0,1910.0,27.5,1885.0,27.5,27.5,0.0,1910.0,27.5,1885.0,4
2026-09-01 07:00:00,317.5,317.5,0.0,1865.0,317.5,1547.5,317.5,317.5,0.0,1865.0,317.5,1547.5,4
2026-09-01 08:00:00,830.0,830.0,0.0,1902.5,830.0,1070.0,830.0,830.0,0.0,1902.5,830.0,1070.0,4
2026-09-01 09:00:00,992.5,992.5,0.0,1905.0,992.5,905.0,992.5,992.5,0.0,1905.0,992.5,905.0,4
2026-09-01 10:00:00,1342.5,1342.5,0.0,2277.5,1342.5,932.5,1342.5,1342.5,0.0,2277.5,1342.5,932.5,4
2026-09-01 11:00:00,1862.5,1862.5,0.0,2362.5,1862.5,497.5,1862.5,1862.5,0.0,2362.5,1862.5,497.5,4
2026-09-01 12:00:00,1692.5,1687.5,5.0,1950.0,1687.5,265.0,1692.5,1687.5,5.0,1950.0,1687.5,265.0,4
2026-09-01 13:00:00,1567.5,1555.0,12.5,1855.0,1555.0,302.5,1567.5,1555.0,12.5,1855.0,1555.0,302.5,4
2026-09-01 14:00:00,1595.0,1575.0,20.0,1832.5,1575.0,257.5,1595.0,1575.0,20.0,1832.5,1575.0,257.5,4
2026-09-01 15:00:00,1305.0,1305.0,0.0,2117.5,1305.0,810.0,1305.0,1305.0,0.0,2117.5,1305.0,810.0,4
2026-09-01 16:00:00,932.5,932.5,0.0,1997.5,932.5,1062.5,932.5,932.5,0.0,1997.5,932.5,1062.5,4
2026-09-01 17:00:00,200.0,200.0,0.0,1825.0,200.0,1625.0,200.0,200.0,0.0,1825.0,200.0,1625.0,4
2026-09-01 18:00:00,2.5,2.5,0.0,1847.5,2.5,1842.5,2.5,2.5,0.0,1847.5,2.5,1842.5,4
2026-09-01 19:00:00,0.0,0.0,0.0,1927.5,0.0,1927.5,0.0,0.0,0.0,1927.5,0.0,1927.5,4
2026-09-01 20:00:00,0.0,0.0,0.0,2117.5,0.0,2117.5,0.0,0.0,0.0,2117.5,0.0,2117.5,4
2026-09-01 21:00:00,0.0,0.0,0.0,1842.5,0.0,1842.5,0.0,0.0,0.0,1842.5,0.0,1842.5,4
2026-09-01 22:00:00,0.0,0.0,0.0,1845.0,0.0,1845.0,0.0,0.0,0.0,1845.0,0.0,1845.0,4
2026-09-01 23:00:00,0.0,0.0,0.0,1855.0,0.0,1855.0,0.0,0.0,0.0,1855.0,0.0,1855.0,4
2026-09-02 00:00:00,0.0,0.0,0.0,1725.0,0.0,1725.0,0.0,0.0,0.0,1725.0,0.0,1725.0,4
2026-09-02 01:00:00,0.0,0.0,0.0,1877.5,0.0,1877.5,0.0,0.0,0.0,1877.5,0.0,1877.5,4
2026-09-02 02:00:00,0.0,0.0,0.0,2055.0,0.0,2055.0,0.0,0.0,0.0,2055.0,0.0,2055.0,4
2026-09-02 03:00:00,0.0,0.0,0.0,2277.5,0.0,2277.5,0.0,0.0,0.0,2277.5,0.0,2277.5,4
2026-09-02 04:00:00,0.0,0.0,0.0,1925.0,0.0,1925.0,0.0,0.0,0.0,1925.0,0.0,1925.0,4
2026-09-02 05:00:00,0.0,0.0,0.0,2192.5,0.0,2192.5,0.0,0.0,0.0,2192.5,0.0,2192.5,4
2026-09-02 06:00:00,70.0,70.0,0.0,2100.0,70.0,2030.0,70.0,70.0,0.0,2100.0,70.0,2030.0,4
2026-09-02 07:00:00,295.0,295.0,0.0,1812.5,295.0,1517.5,295.0,295.0,0.0,1812.5,295.0,1517.5,4
2026-09-02 08:00:00,640.0,640.0,0.0,1742.5,640.0,1105.0,640.0,640.0,0.0,1742.5,640.0,1105.0,4
2026-09-02 09:00:00,885.0,885.0,0.0,1242.5,885.0,352.5,885.0,885.0,0.0,1242.5,885.0,352.5,4
2026-09-02 10:00:00,1302.5,1297.5,5.0,1462.5,1297.5,165.0,1302.5,1297.5,5.0,1462.5,1297.5,165.0,4
2026-09-02 11:00:00,1552.5,1542.5,10.0,1777.5,1542.5,235.0,1552.5,1542.5,10.0,1777.5,1542.5,235.0,4
2026-09-02 12:00:00,1537.5,1522.5,15.0,1860.0,1522.5,335.0,1537.5,1522.5,15.0,1860.0,1522.5,335.0,4
2026-09-02 13:00:00,1775.0,1760.0,15.0,1847.5,1760.0,85.0,1775.0,1760.0,15.0,1847.5,1760.0,85.0,4
2026-09-02 14:00:00,1482.5,1462.5,20.0,1695.0,1462.5,230.0,1482.5,1462.5,20.0,1695.0,1462.5,230.0,4
2026-09-02 15:00:00,1142.5,1115.0,27.5,1220.0,1115.0,105.0,1142.5,1115.0,27.5,1220.0,1115.0,105.0,4
2026-09-02 16:00:00,947.5,947.5,0.0,1810.0,947.5,862.5,947.5,947.5,0.0,1810.0,947.5,862.5,4
2026-09-02 17:00:00,375.0,375.0,0.0,1805.0,375.0,1432.5,375.0,375.0,0.0,1805.0,375.0,1432.5,4
2026-09-02 18:00:00,10.0,10.0,0.0,1690.0,10.0,1680.0,10.0,10.0,0.0,1690.0,10.0,1680.0,4
2026-09-02 19:00:00,0.0,0.0,0.0,1475.0,0.0,1475.0,0.0,0.0,0.0,1475.0,0.0,1475.0,4
2026-09-02 20:00:00,0.0,0.0,0.0,1817.5,0.0,1817.5,0.0,0.0,0.0,1817.5,0.0,1817.5,4
2026-09-02 21:00:00,0.0,0.0,0.0,1737.5,0.0,1737.5,0.0,0.0,0.0,1737.5,0.0,1737.5,4
2026-09-02 22:00:00,0.0,0.0,0.0,1855.0,0.0,1855.0,0.0,0.0,0.0,1855.0,0.0,1855.0,4
2026-09-02 23:00:00,0.0,0.0,0.0,1860.0,0.0,1860.0,0.0,0.0,0.0,1860.0,0.0,1860.0,4
2026-09-03 00:00:00,0.0,0.0,0.0,1842.5,0.0,1842.5,0.0,0.0,0.0,1842.5,0.0,1842.5,4
2026-09-03 01:00:00,0.0,0.0,0.0,1760.0,0.0,1760.0,0.0,0.0,0.0,1760.0,0.0,1760.0,4
2026-09-03 02:00:00,0.0,0.0,0.0,1615.0,0.0,1615.0,0.0,0.0,0.0,1615.0,0.0,1615.0,4
2026-09-03 03:00:00,0.0,0.0,0.0,1935.0,0.0,1935.0,0.0,0.0,0.0,1935.0,0.0,1935.0,4
2026-09-03 04:00:00,0.0,0.0,0.0,1827.5,0.0,1827.5,0.0,0.0,0.0,1827.5,0.0,1827.5,4
2026-09-03 05:00:00,0.0,0.0,0.0,1635.0,0.0,1635.0,0.0,0.0,0.0,1635.0,0.0,1635.0,4
2026-09-03 06:00:00,45.0,45.0,0.0,1567.5,45.0,1515.0,45.0,45.0,0.0,1567.5,45.0,1515.0,4
2026-09-03 07:00:00,355.0,355.0,0.0,1822.5,355.0,1467.5,355.0,355.0,0.0,1822.5,355.0,1467.5,4
2026-09-03 08:00:00,772.5,772.5,0.0,1772.5,772.5,995.0,772.5,772.5,0.0,1772.5,772.5,995.0,4
2026-09-03 09:00:00,1435.0,1435.0,0.0,1810.0,1435.0,375.0,1435.0,1435.0,0.0,1810.0,1435.0,375.0,4
2026-09-03 10:00:00,1715.0,1712.5,2.5,1855.0,1712.5,142.5,1715.0,1712.5,2.5,1855.0,1712.5,142.5,4
2026-09-03 11:00:00,1582.5,1570.0,12.5,1950.0,1570.0,382.5,1582.5,1570.0,12.5,1950.0,1570.0,382.5,4
2026-09-03 12:00:00,1445.0,1435.0,10.0,1952.5,1435.0,510.0,1445.0,1435.0,10.0,1952.5,1435.0,510.0,4
2026-09-03 13:00:00,757.5,757.5,0.0,1840.0,757.5,1082.5,757.5,757.5,0.0,1840.0,757.5,1082.5,4
2026-09-03 14:00:00,967.5,967.5,0.0,1882.5,967.5,915.0,967.5,967.5,0.0,1882.5,967.5,915.0,4
2026-09-03 15:00:00,707.5,707.5,0.0,1822.5,707.5,1112.5,707.5,707.5,0.0,1822.5,707.5,1112.5,4
2026-09-03 16:00:00,565.0,565.0,0.0,1852.5,565.0,1287.5,565.0,565.0,0.0,1852.5,565.0,1287.5,4
2026-09-03 17:00:00,307.5,307.5,0.0,1752.5,307.5,1447.5,307.5,307.5,0.0,1752.5,307.5,1447.5,4
2026-09-03 18:00:00,7.5,7.5,0.0,1755.0,7.5,1747.5,7.5,7.5,0.0,1755.0,7.5,1747.5,4
2026-09-03 19:00:00,0.0,0.0,0.0,895.0,0.0,895.0,0.0,0.0,0.0,895.0,0.0,895.0,4
2026-09-03 20:00:00,0.0,0.0,0.0,235.0,0.0,235.0,0.0,0.0,0.0,235.0,0.0,235.0,4
2026-09-03 21:00:00,0.0,0.0,0.0,190.0,0.0,190.0,0.0,0.0,0.0,190.0,0.0,190.0,4
2026-09-03 22:00:00,0.0,0.0,0.0,215.0,0.0,215.0,0.0,0.0,0.0,215.0,0.0,215.0,4
2026-09-03 23:00:00,0.0,0.0,0.0,227.5,0.0,227.5,0.0,0.0,0.0,227.5,0.0,227.5,4
2026-09-04 00:00:00,0.0,0.0,0.0,222.5,0.0,222.5,0.0,0.0,0.0,222.5,0.0,222.5,4
2026-09-04 01:00:00,0.0,0.0,0.0,227.5,0.0,227.5,0.0,0.0,0.0,227.5,0.0,227.5,4
2026-09-04 02:00:00,0.0,0.0,0.0,220.0,0.0,220.0,0.0,0.0,0.0,220.0,0.0,220.0,4
2026-09-04 03:00:00,0.0,0.0,0.0,225.0,0.0,225.0,0.0,0.0,0.0,225.0,0.0,225.0,4
2026-09-04 04:00:00,0.0,0.0,0.0,225.0,0.0,225.0,0.0,0.0,0.0,225.0,0.0,225.0,4
2026-09-04 05:00:00,0.0,0.0,0.0,217.5,0.0,217.5,0.0,0.0,0.0,217.5,0.0,217.5,4
2026-09-04 06:00:00,37.5,37.5,0.0,227.5,37.5,190.0,37.5,37.5,0.0,227.5,37.5,190.0,4
2026-09-04 07:00:00,197.5,192.5,5.0,240.0,192.5,47.5,197.5,192.5,5.0,240.0,192.5,47.5,4
2026-09-04 08:00:00,235.0,230.0,7.5,232.5,230.0,5.0,235.0,230.0,7.5,232.5,230.0,5.0,4
2026-09-04 09:00:00,240.0,240.0,0.0,252.5,240.0,17.5,240.0,240.0,0.0,252.5,240.0,17.5,4
2026-09-04 10:00:00,240.0,240.0,0.0,270.0,240.0,32.5,240.0,240.0,0.0,270.0,240.0,32.5,4
2026-09-04 11:00:00,240.0,225.0,12.5,227.5,225.0,0.0,240.0,225.0,12.5,227.5,225.0,0.0,4
2026-09-04 12:00:00,240.0,225.0,15.0,225.0,225.0,2.5,240.0,225.0,15.0,225.0,225.0,2.5,4
2026-09-04 13:00:00,240.0,237.5,2.5,260.0,237.5,27.5,240.0,237.5,2.5,260.0,237.5,27.5,4
2026-09-04 14:00:00,225.0,215.0,7.5,235.0,215.0,12.5,225.0,215.0,7.5,235.0,215.0,12.5,4
2026-09-04 15:00:00,75.0,75.0,0.0,187.5,75.0,110.0,75.0,75.0,0.0,187.5,75.0,110.0,4
2026-09-04 16:00:00,100.0,100.0,0.0,195.0,100.0,97.5,100.0,100.0,0.0,195.0,100.0,97.5,4
2026-09-04 17:00:00,62.5,62.5,0.0,185.0,62.5,120.0,62.5,62.5,0.0,185.0,62.5,120.0,4
2026-09-04 18:00:00,2.5,2.5,0.0,187.5,2.5,187.5,2.5,2.5,0.0,187.5,2.5,187.5,4
2026-09-04 19:00:00,0.0,0.0,0.0,677.5,0.0,677.5,0.0,0.0,0.0,677.5,0.0,677.5,4
2026-09-04 20:00:00,0.0,0.0,0.0,1810.0,0.0,1810.0,0.0,0.0,0.0,1810.0,0.0,1810.0,4
2026-09-04 21:00:00,0.0,0.0,0.0,1617.5,0.0,1617.5,0.0,0.0,0.0,1617.5,0.0,1617.5,4
2026-09-04 22:00:00,0.0,0.0,0.0,1782.5,0.0,1782.5,0.0,0.0,0.0,1782.5,0.0,1782.5,4
2026-09-04 23:00:00,0.0,0.0,0.0,1742.5,0.0,1742.5,0.0,0.0,0.0,1742.5,0.0,1742.5,4
2026-09-05 00:00:00,0.0,0.0,0.0,1777.5,0.0,1777.5,0.0,0.0,0.0,1777.5,0.0,1777.5,4
2026-09-05 01:00:00,0.0,0.0,0.0,1680.0,0.0,1680.0,0.0,0.0,0.0,1680.0,0.0,1680.0,4
2026-09-05 02:00:00,0.0,0.0,0.0,1737.5,0.0,1737.5,0.0,0.0,0.0,1737.5,0.0,1737.5,4
2026-09-05 03:00:00,0.0,0.0,0.0,1677.5,0.0,1677.5,0.0,0.0,0.0,1677.5,0.0,1677.5,4
2026-09-05 04:00:00,0.0,0.0,0.0,1790.0,0.0,1790.0,0.0,0.0,0.0,1790.0,0.0,1790.0,4
2026-09-05 05:00:00,0.0,0.0,0.0,1745.0,0.0,1745.0,0.0,0.0,0.0,1745.0,0.0,1745.0,4
2026-09-05 06:00:00,77.5,77.5,0.0,1715.0,77.5,1640.0,77.5,77.5,0.0,1715.0,77.5,1640.0,4
2026-09-05 07:00:00,292.5,292.5,0.0,1652.5,292.5,1365.0,292.5,292.5,0.0,1652.5,292.5,1365.0,4
2026-09-05 08:00:00,655.0,655.0,0.0,1595.0,655.0,940.0,655.0,655.0,0.0,1595.0,655.0,940.0,4
2026-09-05 09:00:00,695.0,695.0,0.0,1687.5,695.0,992.5,695.0,695.0,0.0,1687.5,695.0,992.5,4
2026-09-05 10:00:00,1010.0,1010.0,0.0,1777.5,1010.0,765.0,1010.0,1010.0,0.0,1777.5,1010.0,765.0,4
2026-09-05 11:00:00,1300.0,1285.0,17.5,1722.5,1285.0,440.0,1300.0,1285.0,17.5,1722.5,1285.0,440.0,4
2026-09-05 12:00:00,1305.0,1302.5,0.0,1765.0,1302.5,460.0,1305.0,1302.5,0.0,1765.0,1302.5,460.0,4
2026-09-05 13:00:00,1517.5,1497.5,17.5,1892.5,1497.5,390.0,1517.5,1497.5,17.5,1892.5,1497.5,390.0,4
2026-09-05 14:00:00,1420.0,1385.0,32.5,1725.0,1385.0,335.0,1420.0,1385.0,32.5,1725.0,1385.0,335.0,4
2026-09-05 15:00:00,1352.5,1352.5,0.0,1875.0,1352.5,520.0,1352.5,1352.5,0.0,1875.0,1352.5,520.0,4
2026-09-05 16:00:00,812.5,812.5,0.0,1817.5,812.5,1005.0,812.5,812.5,0.0,1817.5,812.5,1005.0,4
2026-09-05 17:00:00,435.0,435.0,0.0,1850.0,435.0,1415.0,435.0,435.0,0.0,1850.0,435.0,1415.0,4
2026-09-05 18:00:00,10.0,10.0,0.0,1787.5,10.0,1775.0,10.0,10.0,0.0,1787.5,10.0,1775.0,4
2026-09-05 19:00:00,0.0,0.0,0.0,1740.0,0.0,1740.0,0.0,0.0,0.0,1740.0,0.0,1740.0,4
2026-09-05 20:00:00,0.0,0.0,0.0,1757.5,0.0,1757.5,0.0,0.0,0.0,1757.5,0.0,1757.5,4
2026-09-05 21:00:00,0.0,0.0,0.0,1775.0,0.0,1775.0,0.0,0.0,0.0,1775.0,0.0,1775.0,4
2026-09-05 22:00:00,0.0,0.0,0.0,1775.0,0.0,1775.0,0.0,0.0,0.0,1775.0,0.0,1775.0,4
2026-09-05 23:00:00,0.0,0.0,0.0,1752.5,0.0,1752.5,0.0,0.0,0.0,1752.5,0.0,1752.5,4
2026-09-06 00:00:00,0.0,0.0,0.0,1747.5,0.0,1747.5,0.0,0.0,0.0,1747.5,0.0,1747.5,4
2026-09-06 01:00:00,0.0,0.0,0.0,1587.5,0.0,1587.5,0.0,0.0,0.0,1587.5,0.0,1587.5,4
2026-09-06 02:00:00,0.0,0.0,0.0,1100.0,0.0,1100.0,0.0,0.0,0.0,1100.0,0.0,1100.0,4
2026-09-06 03:00:00,0.0,0.0,0.0,950.0,0.0,950.0,0.0,0.0,0.0,950.0,0.0,950.0,4
2026-09-06 04:00:00,0.0,0.0,0.0,780.0,0.0,780.0,0.0,0.0,0.0,780.0,0.0,780.0,4
2026-09-06 05:00:00,0.0,0.0,0.0,190.0,0.0,190.0,0.0,0.0,0.0,190.0,0.0,190.0,4
2026-09-06 06:00:00,62.5,62.5,0.0,182.5,62.5,117.5,62.5,62.5,0.0,182.5,62.5,117.5,4
2026-09-06 07:00:00,172.5,167.5,7.5,190.0,167.5,20.0,172.5,167.5,7.5,190.0,167.5,20.0,4
2026-09-06 08:00:00,190.0,190.0,0.0,212.5,190.0,22.5,190.0,190.0,0.0,212.5,190.0,22.5,4
2026-09-06 09:00:00,1020.0,1017.5,2.5,1237.5,1017.5,217.5,1020.0,1017.5,2.5,1237.5,1017.5,217.5,4
2026-09-06 10:00:00,1492.5,1477.5,15.0,1780.0,1477.5,307.5,1492.5,1477.5,15.0,1780.0,1477.5,307.5,4
2026-09-06 11:00:00,1092.5,1092.5,0.0,1852.5,1092.5,760.0,1092.5,1092.5,0.0,1852.5,1092.5,760.0,4
2026-09-06 12:00:00,1622.5,1607.5,12.5,1862.5,1607.5,255.0,1622.5,1607.5,12.5,1862.5,1607.5,255.0,4
2026-09-06 13:00:00,1625.0,1620.0,2.5,1832.5,1620.0,210.0,1625.0,1620.0,2.5,1832.5,1620.0,210.0,4
2026-09-06 14:00:00,770.0,770.0,0.0,1765.0,770.0,992.5,770.0,770.0,0.0,1765.0,770.0,992.5,4
2026-09-06 15:00:00,1112.5,1112.5,0.0,1840.0,1112.5,725.0,1112.5,1112.5,0.0,1840.0,1112.5,725.0,4
2026-09-06 16:00:00,587.5,587.5,0.0,1745.0,587.5,1157.5,587.5,587.5,0.0,1745.0,587.5,1157.5,4
2026-09-06 17:00:00,142.5,142.5,0.0,1715.0,142.5,1575.0,142.5,142.5,0.0,1715.0,142.5,1575.0,4
2026-09-06 18:00:00,5.0,5.0,0.0,1715.0,5.0,1710.0,5.0,5.0,0.0,1715.0,5.0,1710.0,4
2026-09-06 19:00:00,0.0,0.0,0.0,1772.5,0.0,1772.5,0.0,0.0,0.0,1772.5,0.0,1772.5,4
2026-09-06 20:00:00,0.0,0.0,0.0,1817.5,0.0,1817.5,0.0,0.0,0.0,1817.5,0.0,1817.5,4
2026-09-06 21:00:00,0.0,0.0,0.0,1740.0,0.0,1740.0,0.0,0.0,0.0,1740.0,0.0,1740.0,4
2026-09-06 22:00:00,0.0,0.0,0.0,1822.5,0.0,1822.5,0.0,0.0,0.0,1822.5,0.0,1822.5,4
2026-09-06 23:00:00,0.0,0.0,0.0,1795.0,0.0,1795.0,0.0,0.0,0.0,1795.0,0.0,1795.0,4
2026-09-07 00:00:00,0.0,0.0,0.0,1865.0,0.0,1865.0,0.0,0.0,0.0,1865.0,0.0,1865.0,4
2026-09-07 01:00:00,0.0,0.0,0.0,1795.0,0.0,1795.0,0.0,0.0,0.0,1795.0,0.0,1795.0,4
2026-09-07 02:00:00,0.0,0.0,0.0,1770.0,0.0,1770.0,0.0,0.0,0.0,1770.0,0.0,1770.0,4
2026-09-07 03:00:00,0.0,0.0,0.0,1387.5,0.0,1387.5,0.0,0.0,0.0,1387.5,0.0,1387.5,4
2026-09-07 04:00:00,0.0,0.0,0.0,1730.0,0.0,1730.0,0.0,0.0,0.0,1730.0,0.0,1730.0,4
2026-09-07 05:00:00,0.0,0.0,0.0,1772.5,0.0,1772.5,0.0,0.0,0.0,1772.5,0.0,1772.5,4
2026-09-07 06:00:00,72.5,72.5,0.0,1715.0,72.5,1642.5,72.5,72.5,0.0,1715.0,72.5,1642.5,4
2026-09-07 07:00:00,410.0,410.0,0.0,1580.0,410.0,1165.0,410.0,410.0,0.0,1580.0,410.0,1165.0,4
2026-09-07 08:00:00,930.0,930.0,0.0,1700.0,930.0,770.0,930.0,930.0,0.0,1700.0,930.0,770.0,4
2026-09-07 09:00:00,950.0,950.0,0.0,1272.5,950.0,317.5,950.0,950.0,0.0,1272.5,950.0,317.5,4
2026-09-07 10:00:00,1220.0,1217.5,2.5,1372.5,1217.5,155.0,1220.0,1217.5,2.5,1372.5,1217.5,155.0,4
2026-09-07 11:00:00,1350.0,1312.5,40.0,1420.0,1312.5,107.5,1350.0,1312.5,40.0,1420.0,1312.5,107.5,4
2026-09-07 12:00:00,1770.0,1767.5,2.5,1885.0,1767.5,117.5,1770.0,1767.5,2.5,1885.0,1767.5,117.5,4
2026-09-07 13:00:00,1577.5,1577.5,0.0,1687.5,1577.5,107.5,1577.5,1577.5,0.0,1687.5,1577.5,107.5,4
2026-09-07 14:00:00,1147.5,1147.5,0.0,1627.5,1147.5,480.0,1147.5,1147.5,0.0,1627.5,1147.5,480.0,4
2026-09-07 15:00:00,1205.0,1190.0,15.0,1310.0,1190.0,117.5,1205.0,1190.0,15.0,1310.0,1190.0,117.5,4
2026-09-07 16:00:00,797.5,797.5,0.0,1787.5,797.5,990.0,797.5,797.5,0.0,1787.5,797.5,990.0,4
2026-09-07 17:00:00,425.0,425.0,0.0,1812.5,425.0,1387.5,425.0,425.0,0.0,1812.5,425.0,1387.5,4
2026-09-07 18:00:00,5.0,5.0,0.0,1790.0,5.0,1787.5,5.0,5.0,0.0,1790.0,5.0,1787.5,4
2026-09-07 19:00:00,0.0,0.0,0.0,1760.0,0.0,1760.0,0.0,0.0,0.0,1760.0,0.0,1760.0,4
2026-09-07 20:00:00,0.0,0.0,0.0,1747.5,0.0,1747.5,0.0,0.0,0.0,1747.5,0.0,1747.5,4
2026-09-07 21:00:00,0.0,0.0,0.0,1777.5,0.0,1777.5,0.0,0.0,0.0,1777.5,0.0,1777.5,4
2026-09-07 22:00:00,0.0,0.0,0.0,1650.0,0.0,1650.0,0.0,0.0,0.0,1650.0,0.0,1650.0,4
2026-09-07 23:00:00,0.0,0.0,0.0,1732.5,0.0,1732.5,0.0,0.0,0.0,1732.5,0.0,1732.5,4
2026-09-08 00:00:00,0.0,0.0,0.0,1787.5,0.0,1787.5,0.0,0.0,0.0,1787.5,0.0,1787.5,4
2026-09-08 01:00:00,0.0,0.0,0.0,1725.0,0.0,1725.0,0.0,0.0,0.0,1725.0,0.0,1725.0,4
2026-09-08 02:00:00,0.0,0.0,0.0,1705.0,0.0,1705.0,0.0,0.0,0.0,1705.0,0.0,1705.0,4
2026-09-08 03:00:00,0.0,0.0,0.0,1685.0,0.0,1685.0,0.0,0.0,0.0,1685.0,0.0,1685.0,4
2026-09-08 04:00:00,0.0,0.0,0.0,1760.0,0.0,1760.0,0.0,0.0,0.0,1760.0,0.0,1760.0,4
2026-09-08 05:00:00,0.0,0.0,0.0,1765.0,0.0,1765.0,0.0,0.0,0.0,1765.0,0.0,1765.0,4
2026-09-08 06:00:00,50.0,50.0,0.0,1690.0,50.0,1640.0,50.0,50.0,0.0,1690.0,50.0,1640.0,4
2026-09-08 07:00:00,355.0,355.0,0.0,1530.0,355.0,1175.0,355.0,355.0,0.0,1530.0,355.0,1175.0,4
2026-09-08 08:00:00,835.0,835.0,0.0,1785.0,835.0,955.0,835.0,835.0,0.0,1785.0,835.0,955.0,4
2026-09-08 09:00:00,1420.0,1420.0,0.0,1737.5,1420.0,317.5,1420.0,1420.0,0.0,1737.5,1420.0,317.5,4
2026-09-08 10:00:00,1360.0,1360.0,0.0,1767.5,1360.0,407.5,1360.0,1360.0,0.0,1767.5,1360.0,407.5,4
2026-09-08 11:00:00,1777.5,1777.5,0.0,1925.0,1777.5,142.5,1777.5,1777.5,0.0,1925.0,1777.5,142.5,4
2026-09-08 12:00:00,1732.5,1727.5,5.0,1805.0,1727.5,75.0,1732.5,1727.5,5.0,1805.0,1727.5,75.0,4
2026-09-08 13:00:00,1737.5,1730.0,7.5,1807.5,1730.0,75.0,1737.5,1730.0,7.5,1807.5,1730.0,75.0,4
2026-09-08 14:00:00,1485.0,1482.5,2.5,1520.0,1482.5,37.5,1485.0,1482.5,2.5,1520.0,1482.5,37.5,4
2026-09-08 15:00:00,1180.0,1180.0,0.0,1622.5,1180.0,440.0,1180.0,1180.0,0.0,1622.5,1180.0,440.0,4
2026-09-08 16:00:00,935.0,935.0,0.0,1792.5,935.0,857.5,935.0,935.0,0.0,1792.5,935.0,857.5,4
2026-09-08 17:00:00,372.5,372.5,0.0,1727.5,372.5,1350.0,372.5,372.5,0.0,1727.5,372.5,1350.0,4
2026-09-08 18:00:00,5.0,5.0,0.0,1770.0,5.0,1765.0,5.0,5.0,0.0,1770.0,5.0,1765.0,4
2026-09-08 19:00:00,0.0,0.0,0.0,1707.5,0.0,1707.5,0.0,0.0,0.0,1707.5,0.0,1707.5,4
2026-09-08 20:00:00,0.0,0.0,0.0,1757.5,0.0,1757.5,0.0,0.0,0.0,1757.5,0.0,1757.5,4
2026-09-08 21:00:00,0.0,0.0,0.0,1695.0,0.0,1695.0,0.0,0.0,0.0,1695.0,0.0,1695.0,4
2026-09-08 22:00:00,0.0,0.0,0.0,1702.5,0.0,1702.5,0.0,0.0,0.0,1702.5,0.0,1702.5,4
2026-09-08 23:00:00,0.0,0.0,0.0,1727.5,0.0,1727.5,0.0,0.0,0.0,1727.5,0.0,1727.5,4
2026-09-09 00:00:00,0.0,0.0,0.0,1765.0,0.0,1765.0,0.0,0.0,0.0,1765.0,0.0,1765.0,4
2026-09-09 01:00:00,0.0,0.0,0.0,1772.5,0.0,1772.5,0.0,0.0,0.0,1772.5,0.0,1772.5,4
2026-09-09 02:00:00,0.0,0.0,0.0,1722.5,0.0,1722.5,0.0,0.0,0.0,1722.5,0.0,1722.5,4
2026-09-09 03:00:00,0.0,0.0,0.0,1332.5,0.0,1332.5,0.0,0.0,0.0,1332.5,0.0,1332.5,4
2026-09-09 04:00:00,0.0,0.0,0.0,1587.5,0.0,1587.5,0.0,0.0,0.0,1587.5,0.0,1587.5,4
2026-09-09 05:00:00,0.0,0.0,0.0,1765.0,0.0,1765.0,0.0,0.0,0.0,1765.0,0.0,1765.0,4
2026-09-09 06:00:00,32.5,32.5,0.0,1640.0,32.5,1605.0,32.5,32.5,0.0,1640.0,32.5,1605.0,4
2026-09-09 07:00:00,265.0,265.0,0.0,1685.0,265.0,1420.0,265.0,265.0,0.0,1685.0,265.0,1420.0,4
2026-09-09 08:00:00,667.5,667.5,0.0,1745.0,667.5,1082.5,667.5,667.5,0.0,1745.0,667.5,1082.5,4
2026-09-09 09:00:00,840.0,840.0,0.0,1697.5,840.0,857.5,840.0,840.0,0.0,1697.5,840.0,857.5,4
2026-09-09 10:00:00,1432.5,1432.5,0.0,1632.5,1432.5,200.0,1432.5,1432.5,0.0,1632.5,1432.5,200.0,4
2026-09-09 11:00:00,1707.5,1700.0,7.5,1800.0,1700.0,100.0,1707.5,1700.0,7.5,1800.0,1700.0,100.0,4
2026-09-09 12:00:00,1592.5,1590.0,2.5,1750.0,1590.0,162.5,1592.5,1590.0,2.5,1750.0,1590.0,162.5,4
2026-09-09 13:00:00,1627.5,1617.5,7.5,1837.5,1617.5,220.0,1627.5,1617.5,7.5,1837.5,1617.5,220.0,4
2026-09-09 14:00:00,890.0,890.0,0.0,1702.5,890.0,810.0,890.0,890.0,0.0,1702.5,890.0,810.0,4
2026-09-09 15:00:00,1510.0,1510.0,0.0,1802.5,1510.0,292.5,1510.0,1510.0,0.0,1802.5,1510.0,292.5,4
2026-09-09 16:00:00,750.0,750.0,0.0,1755.0,750.0,1007.5,750.0,750.0,0.0,1755.0,750.0,1007.5,4
2026-09-09 17:00:00,217.5,217.5,0.0,1737.5,217.5,1517.5,217.5,217.5,0.0,1737.5,217.5,1517.5,4
2026-09-09 18:00:00,5.0,5.0,0.0,1710.0,5.0,1705.0,5.0,5.0,0.0,1710.0,5.0,1705.0,4
2026-09-09 19:00:00,0.0,0.0,0.0,1590.0,0.0,1590.0,0.0,0.0,0.0,1590.0,0.0,1590.0,4
2026-09-09 20:00:00,0.0,0.0,0.0,1695.0,0.0,1695.0,0.0,0.0,0.0,1695.0,0.0,1695.0,4
2026-09-09 21:00:00,0.0,0.0,0.0,1755.0,0.0,1755.0,0.0,0.0,0.0,1755.0,0.0,1755.0,4
2026-09-09 22:00:00,0.0,0.0,0.0,1782.5,0.0,1782.5,0.0,0.0,0.0,1782.5,0.0,1782.5,4
2026-09-09 23:00:00,0.0,0.0,0.0,1795.0,0.0,1795.0,0.0,0.0,0.0,1795.0,0.0,1795.0,4
2026-09-10 00:00:00,0.0,0.0,0.0,1930.0,0.0,1930.0,0.0,0.0,0.0,1930.0,0.0,1930.0,4
2026-09-10 01:00:00,0.0,0.0,0.0,2427.5,0.0,2427.5,0.0,0.0,0.0,2427.5,0.0,2427.5,4
2026-09-10 02:00:00,0.0,0.0,0.0,2495.0,0.0,2495.0,0.0,0.0,0.0,2495.0,0.0,2495.0,4
2026-09-10 03:00:00,0.0,0.0,0.0,2332.5,0.0,2332.5,0.0,0.0,0.0,2332.5,0.0,2332.5,4
2026-09-10 04:00:00,0.0,0.0,0.0,2502.5,0.0,2502.5,0.0,0.0,0.0,2502.5,0.0,2502.5,4
2026-09-10 05:00:00,0.0,0.0,0.0,2417.5,0.0,2417.5,0.0,0.0,0.0,2417.5,0.0,2417.5,4
2026-09-10 06:00:00,27.5,27.5,0.0,2390.0,27.5,2362.5,27.5,27.5,0.0,2390.0,27.5,2362.5,4
2026-09-10 07:00:00,92.5,92.5,0.0,2345.0,92.5,2250.0,92.5,92.5,0.0,2345.0,92.5,2250.0,4
2026-09-10 08:00:00,475.0,475.0,0.0,2080.0,475.0,1602.5,475.0,475.0,0.0,2080.0,475.0,1602.5,4
2026-09-10 09:00:00,1025.0,1025.0,0.0,2485.0,1025.0,1457.5,1025.0,1025.0,0.0,2485.0,1025.0,1457.5,4
2026-09-10 10:00:00,1087.5,1087.5,0.0,2147.5,1087.5,1057.5,1087.5,1087.5,0.0,2147.5,1087.5,1057.5,4
2026-09-10 11:00:00,407.5,407.5,0.0,1895.0,407.5,1487.5,407.5,407.5,0.0,1895.0,407.5,1487.5,4
2026-09-10 12:00:00,470.0,470.0,0.0,2340.0,470.0,1867.5,470.0,470.0,0.0,2340.0,470.0,1867.5,4
2026-09-10 13:00:00,167.5,167.5,0.0,2150.0,167.5,1982.5,167.5,167.5,0.0,2150.0,167.5,1982.5,4
2026-09-10 14:00:00,737.5,737.5,0.0,2417.5,737.5,1682.5,737.5,737.5,0.0,2417.5,737.5,1682.5,4
2026-09-10 15:00:00,555.0,555.0,0.0,2387.5,555.0,1830.0,555.0,555.0,0.0,2387.5,555.0,1830.0,4
2026-09-10 16:00:00,390.0,390.0,0.0,2305.0,390.0,1915.0,390.0,390.0,0.0,2305.0,390.0,1915.0,4
2026-09-10 17:00:00,180.0,180.0,0.0,2220.0,180.0,2040.0,180.0,180.0,0.0,2220.0,180.0,2040.0,4
2026-09-10 18:00:00,5.0,5.0,0.0,2110.0,5.0,2105.0,5.0,5.0,0.0,2110.0,5.0,2105.0,4
2026-09-10 19:00:00,0.0,0.0,0.0,1082.5,0.0,1082.5,0.0,0.0,0.0,1082.5,0.0,1082.5,4
2026-09-10 20:00:00,0.0,0.0,0.0,235.0,0.0,235.0,0.0,0.0,0.0,235.0,0.0,235.0,4
2026-09-10 21:00:00,0.0,0.0,0.0,207.5,0.0,207.5,0.0,0.0,0.0,207.5,0.0,207.5,4
2026-09-10 22:00:00,0.0,0.0,0.0,207.5,0.0,207.5,0.0,0.0,0.0,207.5,0.0,207.5,4
2026-09-10 23:00:00,0.0,0.0,0.0,200.0,0.0,200.0,0.0,0.0,0.0,200.0,0.0,200.0,4
2026-09-11 00:00:00,0.0,0.0,0.0,202.5,0.0,202.5,0.0,0.0,0.0,202.5,0.0,202.5,4
2026-09-11 01:00:00,0.0,0.0,0.0,197.5,0.0,197.5,0.0,0.0,0.0,197.5,0.0,197.5,4
2026-09-11 02:00:00,0.0,0.0,0.0,200.0,0.0,200.0,0.0,0.0,0.0,200.0,0.0,200.0,4
2026-09-11 03:00:00,0.0,0.0,0.0,192.5,0.0,192.5,0.0,0.0,0.0,192.5,0.0,192.5,4
2026-09-11 04:00:00,0.0,0.0,0.0,192.5,0.0,192.5,0.0,0.0,0.0,192.5,0.0,192.5,4
2026-09-11 05:00:00,0.0,0.0,0.0,195.0,0.0,195.0,0.0,0.0,0.0,195.0,0.0,195.0,4
2026-09-11 06:00:00,60.0,60.0,0.0,202.5,60.0,140.0,60.0,60.0,0.0,202.5,60.0,140.0,4
2026-09-11 07:00:00,165.0,162.5,2.5,212.5,162.5,55.0,165.0,162.5,2.5,212.5,162.5,55.0,4
2026-09-11 08:00:00,192.5,192.5,0.0,235.0,192.5,42.5,192.5,192.5,0.0,235.0,192.5,42.5,4
2026-09-11 09:00:00,260.0,260.0,0.0,290.0,260.0,25.0,260.0,260.0,0.0,290.0,260.0,25.0,4
2026-09-11 10:00:00,260.0,257.5,2.5,272.5,257.5,12.5,260.0,257.5,2.5,272.5,257.5,12.5,4
2026-09-11 11:00:00,220.0,212.5,10.0,235.0,212.5,22.5,220.0,212.5,10.0,235.0,212.5,22.5,4
2026-09-11 12:00:00,190.0,190.0,0.0,217.5,190.0,22.5,190.0,190.0,0.0,217.5,190.0,22.5,4
2026-09-11 13:00:00,190.0,190.0,0.0,217.5,190.0,27.5,190.0,190.0,0.0,217.5,190.0,27.5,4
2026-09-11 14:00:00,190.0,190.0,0.0,207.5,190.0,17.5,190.0,190.0,0.0,207.5,190.0,17.5,4
2026-09-11 15:00:00,190.0,190.0,0.0,215.0,190.0,25.0,190.0,190.0,0.0,215.0,190.0,25.0,4
2026-09-11 16:00:00,187.5,187.5,0.0,222.5,187.5,35.0,187.5,187.5,0.0,222.5,187.5,35.0,4
2026-09-11 17:00:00,82.5,82.5,0.0,222.5,82.5,145.0,82.5,82.5,0.0,222.5,82.5,145.0,4
2026-09-11 18:00:00,2.5,2.5,0.0,222.5,2.5,220.0,2.5,2.5,0.0,222.5,2.5,220.0,4
2026-09-11 19:00:00,0.0,0.0,0.0,455.0,0.0,455.0,0.0,0.0,0.0,455.0,0.0,455.0,4
2026-09-11 20:00:00,0.0,0.0,0.0,2147.5,0.0,2147.5,0.0,0.0,0.0,2147.5,0.0,2147.5,4
2026-09-11 21:00:00,0.0,0.0,0.0,2192.5,0.0,2192.5,0.0,0.0,0.0,2192.5,0.0,2192.5,4
2026-09-11 22:00:00,0.0,0.0,0.0,2290.0,0.0,2290.0,0.0,0.0,0.0,2290.0,0.0,2290.0,4
2026-09-11 23:00:00,0.0,0.0,0.0,2295.0,0.0,2295.0,0.0,0.0,0.0,2295.0,0.0,2295.0,4
2026-09-12 00:00:00,0.0,0.0,0.0,2255.0,0.0,2255.0,0.0,0.0,0.0,2255.0,0.0,2255.0,4
2026-09-12 01:00:00,0.0,0.0,0.0,2265.0,0.0,2265.0,0.0,0.0,0.0,2265.0,0.0,2265.0,4
2026-09-12 02:00:00,0.0,0.0,0.0,2202.5,0.0,2202.5,0.0,0.0,0.0,2202.5,0.0,2202.5,4
2026-09-12 03:00:00,0.0,0.0,0.0,2210.0,0.0,2210.0,0.0,0.0,0.0,2210.0,0.0,2210.0,4
2026-09-12 04:00:00,0.0,0.0,0.0,2227.5,0.0,2227.5,0.0,0.0,0.0,2227.5,0.0,2227.5,4
2026-09-12 05:00:00,0.0,0.0,0.0,2257.5,0.0,2257.5,0.0,0.0,0.0,2257.5,0.0,2257.5,4
2026-09-12 06:00:00,42.5,42.5,0.0,1870.0,42.5,1825.0,42.5,42.5,0.0,1870.0,42.5,1825.0,4
2026-09-12 07:00:00,302.5,302.5,0.0,1750.0,302.5,1450.0,302.5,302.5,0.0,1750.0,302.5,1450.0,4
2026-09-12 08:00:00,940.0,940.0,0.0,1822.5,940.0,885.0,940.0,940.0,0.0,1822.5,940.0,885.0,4
2026-09-12 09:00:00,1442.5,1442.5,0.0,1805.0,1442.5,357.5,1442.5,1442.5,0.0,1805.0,1442.5,357.5,4
2026-09-12 10:00:00,1440.0,1437.5,2.5,1860.0,1437.5,425.0,1440.0,1437.5,2.5,1860.0,1437.5,425.0,4
2026-09-12 11:00:00,1622.5,1622.5,0.0,1845.0,1622.5,220.0,1622.5,1622.5,0.0,1845.0,1622.5,220.0,4
2026-09-12 12:00:00,1627.5,1620.0,7.5,1862.5,1620.0,247.5,1627.5,1620.0,7.5,1862.5,1620.0,247.5,4
2026-09-12 13:00:00,1310.0,1300.0,12.5,1902.5,1300.0,605.0,1310.0,1300.0,12.5,1902.5,1300.0,605.0,4
2026-09-12 14:00:00,925.0,915.0,10.0,1910.0,915.0,997.5,925.0,915.0,10.0,1910.0,915.0,997.5,4
2026-09-12 15:00:00,970.0,970.0,0.0,1937.5,970.0,965.0,970.0,970.0,0.0,1937.5,970.0,965.0,4
2026-09-12 16:00:00,430.0,430.0,0.0,1867.5,430.0,1437.5,430.0,430.0,0.0,1867.5,430.0,1437.5,4
2026-09-12 17:00:00,55.0,55.0,0.0,1917.5,55.0,1860.0,55.0,55.0,0.0,1917.5,55.0,1860.0,4
2026-09-12 18:00:00,2.5,2.5,0.0,1880.0,2.5,1877.5,2.5,2.5,0.0,1880.0,2.5,1877.5,4
2026-09-12 19:00:00,0.0,0.0,0.0,2272.5,0.0,2272.5,0.0,0.0,0.0,2272.5,0.0,2272.5,4
2026-09-12 20:00:00,0.0,0.0,0.0,2325.0,0.0,2325.0,0.0,0.0,0.0,2325.0,0.0,2325.0,4
2026-09-12 21:00:00,0.0,0.0,0.0,2127.5,0.0,2127.5,0.0,0.0,0.0,2127.5,0.0,2127.5,4
2026-09-12 22:00:00,0.0,0.0,0.0,1915.0,0.0,1915.0,0.0,0.0,0.0,1915.0,0.0,1915.0,4
2026-09-12 23:00:00,0.0,0.0,0.0,1842.5,0.0,1842.5,0.0,0.0,0.0,1842.5,0.0,1842.5,4
2026-09-13 00:00:00,0.0,0.0,0.0,1820.0,0.0,1820.0,0.0,0.0,0.0,1820.0,0.0,1820.0,4
2026-09-13 01:00:00,0.0,0.0,0.0,1670.0,0.0,1670.0,0.0,0.0,0.0,1670.0,0.0,1670.0,4
2026-09-13 02:00:00,0.0,0.0,0.0,1777.5,0.0,1777.5,0.0,0.0,0.0,1777.5,0.0,1777.5,4
2026-09-13 03:00:00,0.0,0.0,0.0,1607.5,0.0,1607.5,0.0,0.0,0.0,1607.5,0.0,1607.5,4
2026-09-13 04:00:00,0.0,0.0,0.0,1947.5,0.0,1947.5,0.0,0.0,0.0,1947.5,0.0,1947.5,4
2026-09-13 05:00:00,0.0,0.0,0.0,1760.0,0.0,1760.0,0.0,0.0,0.0,1760.0,0.0,1760.0,4
2026-09-13 06:00:00,27.5,27.5,0.0,1472.5,27.5,1442.5,27.5,27.5,0.0,1472.5,27.5,1442.5,4
2026-09-13 07:00:00,185.0,185.0,0.0,1685.0,185.0,1502.5,185.0,185.0,0.0,1685.0,185.0,1502.5,4
2026-09-13 08:00:00,625.0,625.0,0.0,1732.5,625.0,1107.5,625.0,625.0,0.0,1732.5,625.0,1107.5,4
2026-09-13 09:00:00,1172.5,1172.5,0.0,1732.5,1172.5,557.5,1172.5,1172.5,0.0,1732.5,1172.5,557.5,4
2026-09-13 10:00:00,1525.0,1522.5,2.5,1872.5,1522.5,350.0,1525.0,1522.5,2.5,1872.5,1522.5,350.0,4
2026-09-13 11:00:00,1487.5,1482.5,5.0,1880.0,1482.5,395.0,1487.5,1482.5,5.0,1880.0,1482.5,395.0,4
2026-09-13 12:00:00,1670.0,1642.5,27.5,1805.0,1642.5,167.5,1670.0,1642.5,27.5,1805.0,1642.5,167.5,4
2026-09-13 13:00:00,1570.0,1537.5,35.0,1710.0,1537.5,170.0,1570.0,1537.5,35.0,1710.0,1537.5,170.0,4
2026-09-13 14:00:00,1272.5,1262.5,10.0,1345.0,1262.5,77.5,1272.5,1262.5,10.0,1345.0,1262.5,77.5,4
2026-09-13 15:00:00,1322.5,1322.5,0.0,1727.5,1322.5,402.5,1322.5,1322.5,0.0,1727.5,1322.5,402.5,4
2026-09-13 16:00:00,960.0,960.0,0.0,1797.5,960.0,835.0,960.0,960.0,0.0,1797.5,960.0,835.0,4
2026-09-13 17:00:00,390.0,390.0,0.0,1787.5,390.0,1400.0,390.0,390.0,0.0,1787.5,390.0,1400.0,4
2026-09-13 18:00:00,7.5,7.5,0.0,1572.5,7.5,1562.5,7.5,7.5,0.0,1572.5,7.5,1562.5,4
2026-09-13 19:00:00,0.0,0.0,0.0,1730.0,0.0,1730.0,0.0,0.0,0.0,1730.0,0.0,1730.0,4
2026-09-13 20:00:00,0.0,0.0,0.0,1307.5,0.0,1307.5,0.0,0.0,0.0,1307.5,0.0,1307.5,4
2026-09-13 21:00:00,0.0,0.0,0.0,1297.5,0.0,1297.5,0.0,0.0,0.0,1297.5,0.0,1297.5,4
2026-09-13 22:00:00,0.0,0.0,0.0,1267.5,0.0,1267.5,0.0,0.0,0.0,1267.5,0.0,1267.5,4
2026-09-13 23:00:00,0.0,0.0,0.0,1537.5,0.0,1537.5,0.0,0.0,0.0,1537.5,0.0,1537.5,4
2026-09-14 00:00:00,0.0,0.0,0.0,1792.5,0.0,1792.5,0.0,0.0,0.0,1792.5,0.0,1792.5,4
2026-09-14 01:00:00,0.0,0.0,0.0,1742.5,0.0,1742.5,0.0,0.0,0.0,1742.5,0.0,1742.5,4
2026-09-14 02:00:00,0.0,0.0,0.0,1625.0,0.0,1625.0,0.0,0.0,0.0,1625.0,0.0,1625.0,4
2026-09-14 03:00:00,0.0,0.0,0.0,1280.0,0.0,1280.0,0.0,0.0,0.0,1280.0,0.0,1280.0,4
2026-09-14 04:00:00,0.0,0.0,0.0,1270.0,0.0,1270.0,0.0,0.0,0.0,1270.0,0.0,1270.0,4
2026-09-14 05:00:00,0.0,0.0,0.0,1260.0,0.0,1260.0,0.0,0.0,0.0,1260.0,0.0,1260.0,4
2026-09-14 06:00:00,27.5,27.5,0.0,1400.0,27.5,1375.0,27.5,27.5,0.0,1400.0,27.5,1375.0,4
2026-09-14 07:00:00,265.0,265.0,0.0,1457.5,265.0,1192.5,265.0,265.0,0.0,1457.5,265.0,1192.5,4
2026-09-14 08:00:00,560.0,560.0,0.0,1597.5,560.0,1032.5,560.0,560.0,0.0,1597.5,560.0,1032.5,4
2026-09-14 09:00:00,690.0,690.0,0.0,1350.0,690.0,662.5,690.0,690.0,0.0,1350.0,690.0,662.5,4
2026-09-14 10:00:00,897.5,897.5,0.0,1850.0,897.5,952.5,897.5,897.5,0.0,1850.0,897.5,952.5,4
2026-09-14 11:00:00,947.5,947.5,0.0,1850.0,947.5,900.0,947.5,947.5,0.0,1850.0,947.5,900.0,4
2026-09-14 12:00:00,1200.0,1200.0,0.0,1850.0,1200.0,647.5,1200.0,1200.0,0.0,1850.0,1200.0,647.5,4
2026-09-14 13:00:00,1102.5,1102.5,0.0,1810.0,1102.5,712.5,1102.5,1102.5,0.0,1810.0,1102.5,712.5,4
2026-09-14 14:00:00,862.5,862.5,0.0,1805.0,862.5,940.0,862.5,862.5,0.0,1805.0,862.5,940.0,4
2026-09-14 15:00:00,772.5,772.5,0.0,1830.0,772.5,1057.5,772.5,772.5,0.0,1830.0,772.5,1057.5,4
2026-09-14 16:00:00,295.0,295.0,0.0,1825.0,295.0,1527.5,295.0,295.0,0.0,1825.0,295.0,1527.5,4
2026-09-14 17:00:00,5.0,5.0,0.0,1752.5,5.0,1745.0,5.0,5.0,0.0,1752.5,5.0,1745.0,4
2026-09-14 18:00:00,0.0,0.0,0.0,1512.5,0.0,1512.5,0.0,0.0,0.0,1512.5,0.0,1512.5,4
2026-09-14 19:00:00,0.0,0.0,0.0,1727.5,0.0,1727.5,0.0,0.0,0.0,1727.5,0.0,1727.5,4
2026-09-14 20:00:00,0.0,0.0,0.0,1675.0,0.0,1675.0,0.0,0.0,0.0,1675.0,0.0,1675.0,4
2026-09-14 21:00:00,0.0,0.0,0.0,1247.5,0.0,1247.5,0.0,0.0,0.0,1247.5,0.0,1247.5,4
2026-09-14 22:00:00,0.0,0.0,0.0,1250.0,0.0,1250.0,0.0,0.0,0.0,1250.0,0.0,1250.0,4
2026-09-14 23:00:00,0.0,0.0,0.0,1575.0,0.0,1575.0,0.0,0.0,0.0,1575.0,0.0,1575.0,4
2026-09-15 00:00:00,0.0,0.0,0.0,1570.0,0.0,1570.0,0.0,0.0,0.0,1570.0,0.0,1570.0,4
2026-09-15 01:00:00,0.0,0.0,0.0,1550.0,0.0,1550.0,0.0,0.0,0.0,1550.0,0.0,1550.0,4
2026-09-15 02:00:00,0.0,0.0,0.0,1672.5,0.0,1672.5,0.0,0.0,0.0,1672.5,0.0,1672.5,4
2026-09-15 03:00:00,0.0,0.0,0.0,1705.0,0.0,1705.0,0.0,0.0,0.0,1705.0,0.0,1705.0,4
2026-09-15 04:00:00,0.0,0.0,0.0,1725.0,0.0,1725.0,0.0,0.0,0.0,1725.0,0.0,1725.0,4
2026-09-15 05:00:00,0.0,0.0,0.0,1735.0,0.0,1735.0,0.0,0.0,0.0,1735.0,0.0,1735.0,4
2026-09-15 06:00:00,42.5,42.5,0.0,1780.0,42.5,1737.5,42.5,42.5,0.0,1780.0,42.5,1737.5,4
2026-09-15 07:00:00,262.5,262.5,0.0,1755.0,262.5,1490.0,262.5,262.5,0.0,1755.0,262.5,1490.0,4
2026-09-15 08:00:00,232.5,232.5,0.0,1795.0,232.5,1565.0,232.5,232.5,0.0,1795.0,232.5,1565.0,4
2026-09-15 09:00:00,215.0,215.0,0.0,1817.5,215.0,1600.0,215.0,215.0,0.0,1817.5,215.0,1600.0,4
2026-09-15 10:00:00,320.0,320.0,0.0,1770.0,320.0,1447.5,320.0,320.0,0.0,1770.0,320.0,1447.5,4
2026-09-15 11:00:00,755.0,755.0,0.0,2090.0,755.0,1335.0,755.0,755.0,0.0,2090.0,755.0,1335.0,4
2026-09-15 12:00:00,1250.0,1250.0,0.0,1780.0,1250.0,530.0,1250.0,1250.0,0.0,1780.0,1250.0,530.0,4
2026-09-15 13:00:00,1717.5,1715.0,2.5,2072.5,1715.0,357.5,1717.5,1715.0,2.5,2072.5,1715.0,357.5,4
2026-09-15 14:00:00,1697.5,1695.0,2.5,2102.5,1695.0,410.0,1697.5,1695.0,2.5,2102.5,1695.0,410.0,4
2026-09-15 15:00:00,1295.0,1295.0,0.0,2045.0,1295.0,747.5,1295.0,1295.0,0.0,2045.0,1295.0,747.5,4
2026-09-15 16:00:00,990.0,990.0,0.0,2075.0,990.0,1085.0,990.0,990.0,0.0,2075.0,990.0,1085.0,4
2026-09-15 17:00:00,170.0,170.0,0.0,1975.0,170.0,1807.5,170.0,170.0,0.0,1975.0,170.0,1807.5,4
2026-09-15 18:00:00,2.5,2.5,0.0,2007.5,2.5,2005.0,2.5,2.5,0.0,2007.5,2.5,2005.0,4
2026-09-15 19:00:00,0.0,0.0,0.0,1910.0,0.0,1910.0,0.0,0.0,0.0,1910.0,0.0,1910.0,4
2026-09-15 20:00:00,0.0,0.0,0.0,1825.0,0.0,1825.0,0.0,0.0,0.0,1825.0,0.0,1825.0,4
2026-09-15 21:00:00,0.0,0.0,0.0,1522.5,0.0,1522.5,0.0,0.0,0.0,1522.5,0.0,1522.5,4
2026-09-15 22:00:00,0.0,0.0,0.0,1535.0,0.0,1535.0,0.0,0.0,0.0,1535.0,0.0,1535.0,4
2026-09-15 23:00:00,0.0,0.0,0.0,1500.0,0.0,1500.0,0.0,0.0,0.0,1500.0,0.0,1500.0,4
2026-09-16 00:00:00,0.0,0.0,0.0,1487.5,0.0,1487.5,0.0,0.0,0.0,1487.5,0.0,1487.5,4
2026-09-16 01:00:00,0.0,0.0,0.0,1487.5,0.0,1487.5,0.0,0.0,0.0,1487.5,0.0,1487.5,4
2026-09-16 02:00:00,0.0,0.0,0.0,1502.5,0.0,1502.5,0.0,0.0,0.0,1502.5,0.0,1502.5,4
2026-09-16 03:00:00,0.0,0.0,0.0,1470.0,0.0,1470.0,0.0,0.0,0.0,1470.0,0.0,1470.0,4
2026-09-16 04:00:00,0.0,0.0,0.0,1432.5,0.0,1432.5,0.0,0.0,0.0,1432.5,0.0,1432.5,4
2026-09-16 05:00:00,0.0,0.0,0.0,1787.5,0.0,1787.5,0.0,0.0,0.0,1787.5,0.0,1787.5,4
2026-09-16 06:00:00,37.5,37.5,0.0,1912.5,37.5,1872.5,37.5,37.5,0.0,1912.5,37.5,1872.5,4
2026-09-16 07:00:00,135.0,135.0,0.0,1922.5,135.0,1790.0,135.0,135.0,0.0,1922.5,135.0,1790.0,4
2026-09-16 08:00:00,567.5,567.5,0.0,1957.5,567.5,1390.0,567.5,567.5,0.0,1957.5,567.5,1390.0,4
2026-09-16 09:00:00,932.5,932.5,0.0,2015.0,932.5,1082.5,932.5,932.5,0.0,2015.0,932.5,1082.5,4
2026-09-16 10:00:00,1362.5,1362.5,0.0,1950.0,1362.5,585.0,1362.5,1362.5,0.0,1950.0,1362.5,585.0,4
2026-09-16 11:00:00,792.5,787.5,7.5,1507.5,787.5,722.5,792.5,787.5,7.5,1507.5,787.5,722.5,4
2026-09-16 12:00:00,1815.0,1812.5,2.5,2067.5,1812.5,252.5,1815.0,1812.5,2.5,2067.5,1812.5,252.5,4
2026-09-16 13:00:00,895.0,895.0,0.0,2060.0,895.0,1165.0,895.0,895.0,0.0,2060.0,895.0,1165.0,4
2026-09-16 14:00:00,620.0,620.0,0.0,620.0,620.0,0.0,620.0,620.0,0.0,620.0,620.0,0.0,4
2026-09-16 15:00:00,640.0,640.0,0.0,640.0,640.0,0.0,640.0,640.0,0.0,640.0,640.0,0.0,4
2026-09-16 16:00:00,195.0,195.0,0.0,195.0,195.0,0.0,195.0,195.0,0.0,195.0,195.0,0.0,4
2026-09-16 17:00:00,52.5,52.5,0.0,52.5,52.5,0.0,52.5,52.5,0.0,52.5,52.5,0.0,4
2026-09-16 18:00:00,0.0,0.0,0.0,0.0,0.0,0.0,0.0,0.0,0.0,0.0,0.0,0.0,4
2026-09-16 19:00:00,0.0,0.0,0.0,0.0,0.0,0.0,0.0,0.0,0.0,0.0,0.0,0.0,4
2026-09-16 20:00:00,0.0,0.0,0.0,0.0,0.0,0.0,0.0,0.0,0.0,0.0,0.0,0.0,4
2026-09-16 21:00:00,0.0,0.0,0.0,0.0,0.0,0.0,0.0,0.0,0.0,0.0,0.0,0.0,4
2026-09-16 22:00:00,0.0,0.0,0.0,0.0,0.0,0.0,0.0,0.0,0.0,0.0,0.0,0.0,4
2026-09-16 23:00:00,0.0,0.0,0.0,0.0,0.0,0.0,0.0,0.0,0.0,0.0,0.0,0.0,4
2026-09-17 00:00:00,0.0,0.0,0.0,0.0,0.0,0.0,0.0,0.0,0.0,0.0,0.0,0.0,4
2026-09-17 01:00:00,0.0,0.0,0.0,0.0,0.0,0.0,0.0,0.0,0.0,0.0,0.0,0.0,4
2026-09-17 02:00:00,0.0,0.0,0.0,0.0,0.0,0.0,0.0,0.0,0.0,0.0,0.0,0.0,4
2026-09-17 03:00:00,0.0,0.0,0.0,0.0,0.0,0.0,0.0,0.0,0.0,0.0,0.0,0.0,4
2026-09-17 04:00:00,0.0,0.0,0.0,0.0,0.0,0.0,0.0,0.0,0.0,0.0,0.0,0.0,4
2026-09-17 05:00:00,0.0,0.0,0.0,0.0,0.0,0.0,0.0,0.0,0.0,0.0,0.0,0.0,4
2026-09-17 06:00:00,45.0,45.0,0.0,45.0,45.0,0.0,45.0,45.0,0.0,45.0,45.0,0.0,4
2026-09-17 07:00:00,270.0,270.0,0.0,270.0,270.0,0.0,270.0,270.0,0.0,270.0,270.0,0.0,4
2026-09-17 08:00:00,402.5,402.5,0.0,402.5,402.5,0.0,402.5,402.5,0.0,402.5,402.5,0.0,4
2026-09-17 09:00:00,715.0,715.0,0.0,715.0,715.0,0.0,715.0,715.0,0.0,715.0,715.0,0.0,4
2026-09-17 10:00:00,742.5,742.5,0.0,742.5,742.5,0.0,742.5,742.5,0.0,742.5,742.5,0.0,4
2026-09-17 11:00:00,1060.0,1060.0,0.0,1060.0,1060.0,0.0,1060.0,1060.0,0.0,1060.0,1060.0,0.0,4
2026-09-17 12:00:00,1490.0,1490.0,0.0,1490.0,1490.0,0.0,1490.0,1490.0,0.0,1490.0,1490.0,0.0,4
2026-09-17 13:00:00,1570.0,1570.0,0.0,1570.0,1570.0,0.0,1570.0,1570.0,0.0,1570.0,1570.0,0.0,4
2026-09-17 14:00:00,1557.5,1557.5,0.0,1557.5,1557.5,0.0,1557.5,1557.5,0.0,1557.5,1557.5,0.0,4
2026-09-17 15:00:00,1152.5,1152.5,0.0,1152.5,1152.5,0.0,1152.5,1152.5,0.0,1152.5,1152.5,0.0,4
2026-09-17 16:00:00,672.5,672.5,0.0,672.5,672.5,0.0,672.5,672.5,0.0,672.5,672.5,0.0,4
2026-09-17 17:00:00,100.0,100.0,0.0,100.0,100.0,0.0,100.0,100.0,0.0,100.0,100.0,0.0,4
2026-09-17 18:00:00,0.0,0.0,0.0,0.0,0.0,0.0,0.0,0.0,0.0,0.0,0.0,0.0,4
2026-09-17 19:00:00,0.0,0.0,0.0,0.0,0.0,0.0,0.0,0.0,0.0,0.0,0.0,0.0,4
2026-09-17 20:00:00,0.0,0.0,0.0,0.0,0.0,0.0,0.0,0.0,0.0,0.0,0.0,0.0,4
2026-09-17 21:00:00,0.0,0.0,0.0,0.0,0.0,0.0,0.0,0.0,0.0,0.0,0.0,0.0,4
2026-09-17 22:00:00,0.0,0.0,0.0,0.0,0.0,0.0,0.0,0.0,0.0,0.0,0.0,0.0,4
2026-09-17 23:00:00,0.0,0.0,0.0,0.0,0.0,0.0,0.0,0.0,0.0,0.0,0.0,0.0,4
2026-09-18 00:00:00,0.0,0.0,0.0,0.0,0.0,0.0,0.0,0.0,0.0,0.0,0.0,0.0,4
2026-09-18 01:00:00,0.0,0.0,0.0,0.0,0.0,0.0,0.0,0.0,0.0,0.0,0.0,0.0,4
2026-09-18 02:00:00,0.0,0.0,0.0,0.0,0.0,0.0,0.0,0.0,0.0,0.0,0.0,0.0,4
2026-09-18 03:00:00,0.0,0.0,0.0,0.0,0.0,0.0,0.0,0.0,0.0,0.0,0.0,0.0,4
2026-09-18 04:00:00,0.0,0.0,0.0,0.0,0.0,0.0,0.0,0.0,0.0,0.0,0.0,0.0,4
2026-09-18 05:00:00,0.0,0.0,0.0,0.0,0.0,0.0,0.0,0.0,0.0,0.0,0.0,0.0,4
2026-09-18 06:00:00,52.93,52.93,0.0,52.93,52.93,0.0,52.93,52.93,0.0,52.93,52.93,0.0,4
2026-09-18 07:00:00,196.75,196.75,0.0,196.75,196.75,0.0,196.75,196.75,0.0,196.75,196.75,0.0,4
2026-09-18 08:00:00,220.75,220.75,0.0,220.75,220.75,0.0,220.75,220.75,0.0,220.75,220.75,0.0,4
2026-09-18 09:00:00,232.0,232.0,0.0,232.0,232.0,0.0,232.0,232.0,0.0,232.0,232.0,0.0,4
2026-09-18 10:00:00,201.75,201.75,0.0,201.75,201.75,0.0,201.75,201.75,0.0,201.75,201.75,0.0,4
2026-09-18 11:00:00,185.5,185.5,0.0,185.5,185.5,0.0,185.5,185.5,0.0,185.5,185.5,0.0,4
2026-09-18 12:00:00,186.0,186.0,0.0,186.0,186.0,0.0,186.0,186.0,0.0,186.0,186.0,0.0,4
2026-09-18 13:00:00,192.0,192.0,0.0,192.0,192.0,0.0,192.0,192.0,0.0,192.0,192.0,0.0,4
2026-09-18 14:00:00,209.0,209.0,0.0,209.0,209.0,0.0,209.0,209.0,0.0,209.0,209.0,0.0,4
2026-09-18 15:00:00,209.0,209.0,0.0,209.0,209.0,0.0,209.0,209.0,0.0,209.0,209.0,0.0,4
2026-09-18 16:00:00,208.5,208.5,0.0,208.5,208.5,0.0,208.5,208.5,0.0,208.5,208.5,0.0,4
2026-09-18 17:00:00,150.075,150.075,0.0,150.075,150.075,0.0,150.075,150.075,0.0,150.075,150.075,0.0,4
2026-09-18 18:00:00,1.3375,1.3375,0.0,1.3375,1.3375,0.0,1.3375,1.3375,0.0,1.3375,1.3375,0.0,4
2026-09-18 19:00:00,0.0,0.0,0.0,0.0,0.0,0.0,0.0,0.0,0.0,0.0,0.0,0.0,4
2026-09-18 20:00:00,0.0,0.0,0.0,0.0,0.0,0.0,0.0,0.0,0.0,0.0,0.0,0.0,4
2026-09-18 21:00:00,0.0,0.0,0.0,0.0,0.0,0.0,0.0,0.0,0.0,0.0,0.0,0.0,4
2026-09-18 22:00:00,0.0,0.0,0.0,0.0,0.0,0.0,0.0,0.0,0.0,0.0,0.0,0.0,4
2026-09-18 23:00:00,0.0,0.0,0.0,0.0,0.0,0.0,0.0,0.0,0.0,0.0,0.0,0.0,4
2026-09-19 00:00:00,0.0,0.0,0.0,0.0,0.0,0.0,0.0,0.0,0.0,0.0,0.0,0.0,4
2026-09-19 01:00:00,0.0,0.0,0.0,0.0,0.0,0.0,0.0,0.0,0.0,0.0,0.0,0.0,4
2026-09-19 02:00:00,0.0,0.0,0.0,0.0,0.0,0.0,0.0,0.0,0.0,0.0,0.0,0.0,4
2026-09-19 03:00:00,0.0,0.0,0.0,0.0,0.0,0.0,0.0,0.0,0.0,0.0,0.0,0.0,4
2026-09-19 04:00:00,0.0,0.0,0.0,0.0,0.0,0.0,0.0,0.0,0.0,0.0,0.0,0.0,4
2026-09-19 05:00:00,0.0,0.0,0.0,0.0,0.0,0.0,0.0,0.0,0.0,0.0,0.0,0.0,4
2026-09-19 06:00:00,0.0,0.0,0.0,0.0,0.0,0.0,0.0,0.0,0.0,0.0,0.0,0.0,4
2026-09-19 07:00:00,115.0,115.0,0.0,115.0,115.0,0.0,115.0,115.0,0.0,115.0,115.0,0.0,4
2026-09-19 08:00:00,502.5,502.5,0.0,502.5,502.5,0.0,502.5,502.5,0.0,502.5,502.5,0.0,4
2026-09-19 09:00:00,712.5,712.5,0.0,712.5,712.5,0.0,712.5,712.5,0.0,712.5,712.5,0.0,4
2026-09-19 10:00:00,1455.0,1455.0,0.0,1455.0,1455.0,0.0,1455.0,1455.0,0.0,1455.0,1455.0,0.0,4
2026-09-19 11:00:00,1475.0,1475.0,0.0,1475.0,1475.0,0.0,1475.0,1475.0,0.0,1475.0,1475.0,0.0,4
2026-09-19 12:00:00,1270.0,1270.0,0.0,1270.0,1270.0,0.0,1270.0,1270.0,0.0,1270.0,1270.0,0.0,4
2026-09-19 13:00:00,625.0,625.0,0.0,625.0,625.0,0.0,625.0,625.0,0.0,625.0,625.0,0.0,4
2026-09-19 14:00:00,1495.0,1495.0,0.0,1495.0,1495.0,0.0,1495.0,1495.0,0.0,1495.0,1495.0,0.0,4
2026-09-19 15:00:00,512.5,512.5,0.0,512.5,512.5,0.0,512.5,512.5,0.0,512.5,512.5,0.0,4
2026-09-19 16:00:00,662.5,662.5,0.0,662.5,662.5,0.0,662.5,662.5,0.0,662.5,662.5,0.0,4
2026-09-19 17:00:00,235.0,235.0,0.0,235.0,235.0,0.0,235.0,235.0,0.0,235.0,235.0,0.0,4
2026-09-19 18:00:00,2.5,2.5,0.0,2.5,2.5,0.0,2.5,2.5,0.0,2.5,2.5,0.0,4
2026-09-19 19:00:00,0.0,0.0,0.0,0.0,0.0,0.0,0.0,0.0,0.0,0.0,0.0,0.0,4
2026-09-19 20:00:00,0.0,0.0,0.0,0.0,0.0,0.0,0.0,0.0,0.0,0.0,0.0,0.0,4
2026-09-19 21:00:00,0.0,0.0,0.0,0.0,0.0,0.0,0.0,0.0,0.0,0.0,0.0,0.0,4
2026-09-19 22:00:00,0.0,0.0,0.0,0.0,0.0,0.0,0.0,0.0,0.0,0.0,0.0,0.0,4
2026-09-19 23:00:00,0.0,0.0,0.0,0.0,0.0,0.0,0.0,0.0,0.0,0.0,0.0,0.0,4
2026-09-20 00:00:00,0.0,0.0,0.0,0.0,0.0,0.0,0.0,0.0,0.0,0.0,0.0,0.0,4
2026-09-20 01:00:00,0.0,0.0,0.0,0.0,0.0,0.0,0.0,0.0,0.0,0.0,0.0,0.0,4
2026-09-20 02:00:00,0.0,0.0,0.0,0.0,0.0,0.0,0.0,0.0,0.0,0.0,0.0,0.0,4
2026-09-20 03:00:00,0.0,0.0,0.0,0.0,0.0,0.0,0.0,0.0,0.0,0.0,0.0,0.0,4
2026-09-20 04:00:00,0.0,0.0,0.0,0.0,0.0,0.0,0.0,0.0,0.0,0.0,0.0,0.0,4
2026-09-20 05:00:00,0.0,0.0,0.0,0.0,0.0,0.0,0.0,0.0,0.0,0.0,0.0,0.0,4
2026-09-20 06:00:00,60.0,60.0,0.0,60.0,60.0,0.0,60.0,60.0,0.0,60.0,60.0,0.0,4
2026-09-20 07:00:00,267.5,267.5,0.0,267.5,267.5,0.0,267.5,267.5,0.0,267.5,267.5,0.0,4
2026-09-20 08:00:00,557.5,557.5,0.0,557.5,557.5,0.0,557.5,557.5,0.0,557.5,557.5,0.0,4
2026-09-20 09:00:00,1100.0,1100.0,0.0,1100.0,1100.0,0.0,1100.0,1100.0,0.0,1100.0,1100.0,0.0,4
2026-09-20 10:00:00,1685.0,1685.0,0.0,1685.0,1685.0,0.0,1685.0,1685.0,0.0,1685.0,1685.0,0.0,4
2026-09-20 11:00:00,1617.5,1617.5,0.0,1617.5,1617.5,0.0,1617.5,1617.5,0.0,1617.5,1617.5,0.0,4
2026-09-20 12:00:00,1590.0,1590.0,0.0,1590.0,1590.0,0.0,1590.0,1590.0,0.0,1590.0,1590.0,0.0,4
2026-09-20 13:00:00,1130.0,1130.0,0.0,1130.0,1130.0,0.0,1130.0,1130.0,0.0,1130.0,1130.0,0.0,4
2026-09-20 14:00:00,505.0,505.0,0.0,505.0,505.0,0.0,505.0,505.0,0.0,505.0,505.0,0.0,4
2026-09-20 15:00:00,87.5,87.5,0.0,87.5,87.5,0.0,87.5,87.5,0.0,87.5,87.5,0.0,4
2026-09-20 16:00:00,105.0,105.0,0.0,105.0,105.0,0.0,105.0,105.0,0.0,105.0,105.0,0.0,4
2026-09-20 17:00:00,52.5,52.5,0.0,52.5,52.5,0.0,52.5,52.5,0.0,52.5,52.5,0.0,4
2026-09-20 18:00:00,0.0,0.0,0.0,0.0,0.0,0.0,0.0,0.0,0.0,0.0,0.0,0.0,4
2026-09-20 19:00:00,0.0,0.0,0.0,0.0,0.0,0.0,0.0,0.0,0.0,0.0,0.0,0.0,4
2026-09-20 20:00:00,0.0,0.0,0.0,0.0,0.0,0.0,0.0,0.0,0.0,0.0,0.0,0.0,4
2026-09-20 21:00:00,0.0,0.0,0.0,0.0,0.0,0.0,0.0,0.0,0.0,0.0,0.0,0.0,4
2026-09-20 22:00:00,0.0,0.0,0.0,0.0,0.0,0.0,0.0,0.0,0.0,0.0,0.0,0.0,4
2026-09-20 23:00:00,0.0,0.0,0.0,0.0,0.0,0.0,0.0,0.0,0.0,0.0,0.0,0.0,4
2026-09-21 00:00:00,0.0,0.0,0.0,0.0,0.0,0.0,0.0,0.0,0.0,0.0,0.0,0.0,4
2026-09-21 01:00:00,0.0,0.0,0.0,0.0,0.0,0.0,0.0,0.0,0.0,0.0,0.0,0.0,4
2026-09-21 02:00:00,0.0,0.0,0.0,0.0,0.0,0.0,0.0,0.0,0.0,0.0,0.0,0.0,4
2026-09-21 03:00:00,0.0,0.0,0.0,0.0,0.0,0.0,0.0,0.0,0.0,0.0,0.0,0.0,4
2026-09-21 04:00:00,0.0,0.0,0.0,0.0,0.0,0.0,0.0,0.0,0.0,0.0,0.0,0.0,4
2026-09-21 05:00:00,0.0,0.0,0.0,0.0,0.0,0.0,0.0,0.0,0.0,0.0,0.0,0.0,4
2026-09-21 06:00:00,17.5,17.5,0.0,17.5,17.5,0.0,17.5,17.5,0.0,17.5,17.5,0.0,4
2026-09-21 07:00:00,190.0,190.0,0.0,190.0,190.0,0.0,190.0,190.0,0.0,190.0,190.0,0.0,4
2026-09-21 08:00:00,485.0,485.0,0.0,485.0,485.0,0.0,485.0,485.0,0.0,485.0,485.0,0.0,4
2026-09-21 09:00:00,652.5,652.5,0.0,652.5,652.5,0.0,652.5,652.5,0.0,652.5,652.5,0.0,4
2026-09-21 10:00:00,717.5,717.5,0.0,717.5,717.5,0.0,717.5,717.5,0.0,717.5,717.5,0.0,4
2026-09-21 11:00:00,915.0,915.0,0.0,915.0,915.0,0.0,915.0,915.0,0.0,915.0,915.0,0.0,4
2026-09-21 12:00:00,1202.5,1202.5,0.0,1202.5,1202.5,0.0,1202.5,1202.5,0.0,1202.5,1202.5,0.0,4
2026-09-21 13:00:00,1135.0,1135.0,0.0,1135.0,1135.0,0.0,1135.0,1135.0,0.0,1135.0,1135.0,0.0,4
2026-09-21 14:00:00,825.0,825.0,0.0,825.0,825.0,0.0,825.0,825.0,0.0,825.0,825.0,0.0,4
2026-09-21 15:00:00,337.5,337.5,0.0,337.5,337.5,0.0,337.5,337.5,0.0,337.5,337.5,0.0,4
2026-09-21 16:00:00,192.5,192.5,0.0,192.5,192.5,0.0,192.5,192.5,0.0,192.5,192.5,0.0,4
2026-09-21 17:00:00,185.0,185.0,0.0,185.0,185.0,0.0,185.0,185.0,0.0,185.0,185.0,0.0,4
2026-09-21 18:00:00,15.0,15.0,0.0,15.0,15.0,0.0,15.0,15.0,0.0,15.0,15.0,0.0,4
2026-09-21 19:00:00,0.0,0.0,0.0,0.0,0.0,0.0,0.0,0.0,0.0,0.0,0.0,0.0,4
2026-09-21 20:00:00,0.0,0.0,0.0,0.0,0.0,0.0,0.0,0.0,0.0,0.0,0.0,0.0,4
2026-09-21 21:00:00,0.0,0.0,0.0,0.0,0.0,0.0,0.0,0.0,0.0,0.0,0.0,0.0,4
2026-09-21 22:00:00,0.0,0.0,0.0,0.0,0.0,0.0,0.0,0.0,0.0,0.0,0.0,0.0,4
2026-09-21 23:00:00,0.0,0.0,0.0,0.0,0.0,0.0,0.0,0.0,0.0,0.0,0.0,0.0,4
2026-09-22 00:00:00,0.0,0.0,0.0,0.0,0.0,0.0,0.0,0.0,0.0,0.0,0.0,0.0,4
2026-09-22 01:00:00,0.0,0.0,0.0,0.0,0.0,0.0,0.0,0.0,0.0,0.0,0.0,0.0,4
2026-09-22 02:00:00,0.0,0.0,0.0,0.0,0.0,0.0,0.0,0.0,0.0,0.0,0.0,0.0,4
2026-09-22 03:00:00,0.0,0.0,0.0,0.0,0.0,0.0,0.0,0.0,0.0,0.0,0.0,0.0,4
2026-09-22 04:00:00,0.0,0.0,0.0,0.0,0.0,0.0,0.0,0.0,0.0,0.0,0.0,0.0,4
2026-09-22 05:00:00,0.0,0.0,0.0,0.0,0.0,0.0,0.0,0.0,0.0,0.0,0.0,0.0,4
2026-09-22 06:00:00,55.0,55.0,0.0,55.0,55.0,0.0,55.0,55.0,0.0,55.0,55.0,0.0,4
2026-09-22 07:00:00,375.0,375.0,0.0,375.0,375.0,0.0,375.0,375.0,0.0,375.0,375.0,0.0,4
2026-09-22 08:00:00,980.0,980.0,0.0,980.0,980.0,0.0,980.0,980.0,0.0,980.0,980.0,0.0,4
2026-09-22 09:00:00,1302.5,1302.5,0.0,1302.5,1302.5,0.0,1302.5,1302.5,0.0,1302.5,1302.5,0.0,4
2026-09-22 10:00:00,1482.5,1482.5,0.0,1482.5,1482.5,0.0,1482.5,1482.5,0.0,1482.5,1482.5,0.0,4
2026-09-22 11:00:00,1615.0,1615.0,0.0,1615.0,1615.0,0.0,1615.0,1615.0,0.0,1615.0,1615.0,0.0,4
2026-09-22 12:00:00,1467.5,1467.5,0.0,1467.5,1467.5,0.0,1467.5,1467.5,0.0,1467.5,1467.5,0.0,4
2026-09-22 13:00:00,1397.5,1397.5,0.0,1397.5,1397.5,0.0,1397.5,1397.5,0.0,1397.5,1397.5,0.0,4
2026-09-22 14:00:00,1387.5,1387.5,0.0,1387.5,1387.5,0.0,1387.5,1387.5,0.0,1387.5,1387.5,0.0,4
2026-09-22 15:00:00,1335.0,1335.0,0.0,1335.0,1335.0,0.0,1335.0,1335.0,0.0,1335.0,1335.0,0.0,4
2026-09-22 16:00:00,792.5,792.5,0.0,792.5,792.5,0.0,792.5,792.5,0.0,792.5,792.5,0.0,4
2026-09-22 17:00:00,250.0,250.0,0.0,250.0,250.0,0.0,250.0,250.0,0.0,250.0,250.0,0.0,4
2026-09-22 18:00:00,0.0,0.0,0.0,0.0,0.0,0.0,0.0,0.0,0.0,0.0,0.0,0.0,4
2026-09-22 19:00:00,0.0,0.0,0.0,0.0,0.0,0.0,0.0,0.0,0.0,0.0,0.0,0.0,4
2026-09-22 20:00:00,0.0,0.0,0.0,0.0,0.0,0.0,0.0,0.0,0.0,0.0,0.0,0.0,4
2026-09-22 21:00:00,0.0,0.0,0.0,0.0,0.0,0.0,0.0,0.0,0.0,0.0,0.0,0.0,4
2026-09-22 22:00:00,0.0,0.0,0.0,0.0,0.0,0.0,0.0,0.0,0.0,0.0,0.0,0.0,4
2026-09-22 23:00:00,0.0,0.0,0.0,0.0,0.0,0.0,0.0,0.0,0.0,0.0,0.0,0.0,4
2026-09-23 00:00:00,0.0,0.0,0.0,0.0,0.0,0.0,0.0,0.0,0.0,0.0,0.0,0.0,4
2026-09-23 01:00:00,0.0,0.0,0.0,0.0,0.0,0.0,0.0,0.0,0.0,0.0,0.0,0.0,4
2026-09-23 02:00:00,0.0,0.0,0.0,0.0,0.0,0.0,0.0,0.0,0.0,0.0,0.0,0.0,4
2026-09-23 03:00:00,0.0,0.0,0.0,0.0,0.0,0.0,0.0,0.0,0.0,0.0,0.0,0.0,4
2026-09-23 04:00:00,0.0,0.0,0.0,0.0,0.0,0.0,0.0,0.0,0.0,0.0,0.0,0.0,4
2026-09-23 05:00:00,0.0,0.0,0.0,0.0,0.0,0.0,0.0,0.0,0.0,0.0,0.0,0.0,4
2026-09-23 06:00:00,45.0,45.0,0.0,45.0,45.0,0.0,45.0,45.0,0.0,45.0,45.0,0.0,4
2026-09-23 07:00:00,342.5,342.5,0.0,342.5,342.5,0.0,342.5,342.5,0.0,342.5,342.5,0.0,4
2026-09-23 08:00:00,732.5,732.5,0.0,1195.0,732.5,465.0,732.5,732.5,0.0,1195.0,732.5,465.0,4
2026-09-23 09:00:00,1387.5,1387.5,0.0,1825.0,1387.5,437.5,1387.5,1387.5,0.0,1825.0,1387.5,437.5,4
2026-09-23 10:00:00,1210.0,1210.0,0.0,1847.5,1210.0,635.0,1210.0,1210.0,0.0,1847.5,1210.0,635.0,4
2026-09-23 11:00:00,1320.0,1320.0,0.0,1852.5,1320.0,532.5,1320.0,1320.0,0.0,1852.5,1320.0,532.5,4
2026-09-23 12:00:00,1110.0,1110.0,0.0,1677.5,1110.0,565.0,1110.0,1110.0,0.0,1677.5,1110.0,565.0,4
2026-09-23 13:00:00,1652.5,1647.5,7.5,1722.5,1647.5,75.0,1652.5,1647.5,7.5,1722.5,1647.5,75.0,4
2026-09-23 14:00:00,1157.5,1155.0,2.5,1822.5,1155.0,667.5,1157.5,1155.0,2.5,1822.5,1155.0,667.5,4
2026-09-23 15:00:00,1162.5,1162.5,0.0,1650.0,1162.5,490.0,1162.5,1162.5,0.0,1650.0,1162.5,490.0,4
2026-09-23 16:00:00,905.0,905.0,0.0,1690.0,905.0,782.5,905.0,905.0,0.0,1690.0,905.0,782.5,4
2026-09-23 17:00:00,95.0,95.0,0.0,1625.0,95.0,1532.5,95.0,95.0,0.0,1625.0,95.0,1532.5,4
2026-09-23 18:00:00,0.0,0.0,0.0,1592.5,0.0,1592.5,0.0,0.0,0.0,1592.5,0.0,1592.5,4
2026-09-23 19:00:00,0.0,0.0,0.0,1592.5,0.0,1592.5,0.0,0.0,0.0,1592.5,0.0,1592.5,4
2026-09-23 20:00:00,0.0,0.0,0.0,1600.0,0.0,1600.0,0.0,0.0,0.0,1600.0,0.0,1600.0,4
2026-09-23 21:00:00,0.0,0.0,0.0,1722.5,0.0,1722.5,0.0,0.0,0.0,1722.5,0.0,1722.5,4
2026-09-23 22:00:00,0.0,0.0,0.0,1690.0,0.0,1690.0,0.0,0.0,0.0,1690.0,0.0,1690.0,4
2026-09-23 23:00:00,0.0,0.0,0.0,1767.5,0.0,1767.5,0.0,0.0,0.0,1767.5,0.0,1767.5,4
2026-09-24 00:00:00,0.0,0.0,0.0,1700.0,0.0,1700.0,0.0,0.0,0.0,1700.0,0.0,1700.0,4
2026-09-24 01:00:00,0.0,0.0,0.0,1677.5,0.0,1677.5,0.0,0.0,0.0,1677.5,0.0,1677.5,4
2026-09-24 02:00:00,0.0,0.0,0.0,1697.5,0.0,1697.5,0.0,0.0,0.0,1697.5,0.0,1697.5,4
2026-09-24 03:00:00,0.0,0.0,0.0,1580.0,0.0,1580.0,0.0,0.0,0.0,1580.0,0.0,1580.0,4
2026-09-24 04:00:00,0.0,0.0,0.0,1222.5,0.0,1222.5,0.0,0.0,0.0,1222.5,0.0,1222.5,4
2026-09-24 05:00:00,0.0,0.0,0.0,1225.0,0.0,1225.0,0.0,0.0,0.0,1225.0,0.0,1225.0,4
2026-09-24 06:00:00,45.0,45.0,0.0,1260.0,45.0,1212.5,45.0,45.0,0.0,1260.0,45.0,1212.5,4
2026-09-24 07:00:00,285.0,285.0,0.0,1692.5,285.0,1410.0,285.0,285.0,0.0,1692.5,285.0,1410.0,4
2026-09-24 08:00:00,520.0,520.0,0.0,1680.0,520.0,1157.5,520.0,520.0,0.0,1680.0,520.0,1157.5,4
2026-09-24 09:00:00,760.0,760.0,0.0,1712.5,760.0,955.0,760.0,760.0,0.0,1712.5,760.0,955.0,4
2026-09-24 10:00:00,1307.5,1307.5,0.0,1755.0,1307.5,447.5,1307.5,1307.5,0.0,1755.0,1307.5,447.5,4
2026-09-24 11:00:00,710.0,710.0,0.0,1607.5,710.0,900.0,710.0,710.0,0.0,1607.5,710.0,900.0,4
2026-09-24 12:00:00,1390.0,1385.0,5.0,1712.5,1385.0,330.0,1390.0,1385.0,5.0,1712.5,1385.0,330.0,4
2026-09-24 13:00:00,1482.5,1480.0,2.5,1717.5,1480.0,232.5,1482.5,1480.0,2.5,1717.5,1480.0,232.5,4
2026-09-24 14:00:00,1397.5,1390.0,7.5,1755.0,1390.0,362.5,1397.5,1390.0,7.5,1755.0,1390.0,362.5,4
2026-09-24 15:00:00,742.5,742.5,0.0,1642.5,742.5,897.5,742.5,742.5,0.0,1642.5,742.5,897.5,4
2026-09-24 16:00:00,390.0,390.0,0.0,1637.5,390.0,1247.5,390.0,390.0,0.0,1637.5,390.0,1247.5,4
2026-09-24 17:00:00,0.0,0.0,0.0,1665.0,0.0,1665.0,0.0,0.0,0.0,1665.0,0.0,1665.0,4
2026-09-24 18:00:00,0.0,0.0,0.0,1555.0,0.0,1555.0,0.0,0.0,0.0,1555.0,0.0,1555.0,4
2026-09-24 19:00:00,0.0,0.0,0.0,982.5,0.0,982.5,0.0,0.0,0.0,982.5,0.0,982.5,4
2026-09-24 20:00:00,0.0,0.0,0.0,217.5,0.0,217.5,0.0,0.0,0.0,217.5,0.0,217.5,4
2026-09-24 21:00:00,0.0,0.0,0.0,210.0,0.0,210.0,0.0,0.0,0.0,210.0,0.0,210.0,4
2026-09-24 22:00:00,0.0,0.0,0.0,202.5,0.0,202.5,0.0,0.0,0.0,202.5,0.0,202.5,4
2026-09-24 23:00:00,0.0,0.0,0.0,230.0,0.0,230.0,0.0,0.0,0.0,230.0,0.0,230.0,4
2026-09-25 00:00:00,0.0,0.0,0.0,202.5,0.0,202.5,0.0,0.0,0.0,202.5,0.0,202.5,4
2026-09-25 01:00:00,0.0,0.0,0.0,190.0,0.0,190.0,0.0,0.0,0.0,190.0,0.0,190.0,4
2026-09-25 02:00:00,0.0,0.0,0.0,187.5,0.0,187.5,0.0,0.0,0.0,187.5,0.0,187.5,4
2026-09-25 03:00:00,0.0,0.0,0.0,197.5,0.0,197.5,0.0,0.0,0.0,197.5,0.0,197.5,4
2026-09-25 04:00:00,0.0,0.0,0.0,192.5,0.0,192.5,0.0,0.0,0.0,192.5,0.0,192.5,4
2026-09-25 05:00:00,0.0,0.0,0.0,185.0,0.0,185.0,0.0,0.0,0.0,185.0,0.0,185.0,4
2026-09-25 06:00:00,2.5,2.5,0.0,192.5,2.5,192.5,2.5,2.5,0.0,192.5,2.5,192.5,4
2026-09-25 07:00:00,60.0,60.0,0.0,200.0,60.0,137.5,60.0,60.0,0.0,200.0,60.0,137.5,4
2026-09-25 08:00:00,177.5,167.5,10.0,207.5,167.5,42.5,177.5,167.5,10.0,207.5,167.5,42.5,4
2026-09-25 09:00:00,170.0,170.0,0.0,250.0,170.0,82.5,170.0,170.0,0.0,250.0,170.0,82.5,4
2026-09-25 10:00:00,190.0,190.0,0.0,260.0,190.0,72.5,190.0,190.0,0.0,260.0,190.0,72.5,4
2026-09-25 11:00:00,190.0,190.0,0.0,217.5,190.0,27.5,190.0,190.0,0.0,217.5,190.0,27.5,4
2026-09-25 12:00:00,187.5,187.5,0.0,207.5,187.5,22.5,187.5,187.5,0.0,207.5,187.5,22.5,4
2026-09-25 13:00:00,190.0,190.0,0.0,245.0,190.0,55.0,190.0,190.0,0.0,245.0,190.0,55.0,4
2026-09-25 14:00:00,190.0,190.0,0.0,217.5,190.0,27.5,190.0,190.0,0.0,217.5,190.0,27.5,4
2026-09-25 15:00:00,190.0,187.5,2.5,197.5,187.5,10.0,190.0,187.5,2.5,197.5,187.5,10.0,4
2026-09-25 16:00:00,187.5,185.0,2.5,200.0,185.0,17.5,187.5,185.0,2.5,200.0,185.0,17.5,4
2026-09-25 17:00:00,117.5,115.0,2.5,202.5,115.0,87.5,117.5,115.0,2.5,202.5,115.0,87.5,4
2026-09-25 18:00:00,0.0,0.0,0.0,235.0,0.0,235.0,0.0,0.0,0.0,235.0,0.0,235.0,4
2026-09-25 19:00:00,0.0,0.0,0.0,705.0,0.0,705.0,0.0,0.0,0.0,705.0,0.0,705.0,4
2026-09-25 20:00:00,0.0,0.0,0.0,1737.5,0.0,1737.5,0.0,0.0,0.0,1737.5,0.0,1737.5,4
2026-09-25 21:00:00,0.0,0.0,0.0,1635.0,0.0,1635.0,0.0,0.0,0.0,1635.0,0.0,1635.0,4
2026-09-25 22:00:00,0.0,0.0,0.0,1765.0,0.0,1765.0,0.0,0.0,0.0,1765.0,0.0,1765.0,4
2026-09-25 23:00:00,0.0,0.0,0.0,1680.0,0.0,1680.0,0.0,0.0,0.0,1680.0,0.0,1680.0,4
2026-09-26 00:00:00,0.0,0.0,0.0,1670.0,0.0,1670.0,0.0,0.0,0.0,1670.0,0.0,1670.0,4
2026-09-26 01:00:00,0.0,0.0,0.0,1715.0,0.0,1715.0,0.0,0.0,0.0,1715.0,0.0,1715.0,4
2026-09-26 02:00:00,0.0,0.0,0.0,1770.0,0.0,1770.0,0.0,0.0,0.0,1770.0,0.0,1770.0,4
2026-09-26 03:00:00,0.0,0.0,0.0,1720.0,0.0,1720.0,0.0,0.0,0.0,1720.0,0.0,1720.0,4
2026-09-26 04:00:00,0.0,0.0,0.0,1677.5,0.0,1677.5,0.0,0.0,0.0,1677.5,0.0,1677.5,4
2026-09-26 05:00:00,0.0,0.0,0.0,1720.0,0.0,1720.0,0.0,0.0,0.0,1720.0,0.0,1720.0,4
2026-09-26 06:00:00,17.5,17.5,0.0,1675.0,17.5,1655.0,17.5,17.5,0.0,1675.0,17.5,1655.0,4
2026-09-26 07:00:00,170.0,170.0,0.0,1680.0,170.0,1512.5,170.0,170.0,0.0,1680.0,170.0,1512.5,4
2026-09-26 08:00:00,400.0,400.0,0.0,1705.0,400.0,1302.5,400.0,400.0,0.0,1705.0,400.0,1302.5,4
2026-09-26 09:00:00,710.0,710.0,0.0,1640.0,710.0,932.5,710.0,710.0,0.0,1640.0,710.0,932.5,4
2026-09-26 10:00:00,740.0,740.0,0.0,1522.5,740.0,787.5,740.0,740.0,0.0,1522.5,740.0,787.5,4
2026-09-26 11:00:00,525.0,525.0,0.0,1810.0,525.0,1287.5,525.0,525.0,0.0,1810.0,525.0,1287.5,4
2026-09-26 12:00:00,842.5,842.5,0.0,1875.0,842.5,1032.5,842.5,842.5,0.0,1875.0,842.5,1032.5,4
2026-09-26 13:00:00,1265.0,1265.0,0.0,1802.5,1265.0,535.0,1265.0,1265.0,0.0,1802.5,1265.0,535.0,4
2026-09-26 14:00:00,1265.0,1265.0,0.0,1780.0,1265.0,512.5,1265.0,1265.0,0.0,1780.0,1265.0,512.5,4
2026-09-26 15:00:00,1025.0,1025.0,0.0,1802.5,1025.0,782.5,1025.0,1025.0,0.0,1802.5,1025.0,782.5,4
2026-09-26 16:00:00,750.0,750.0,0.0,1677.5,750.0,927.5,750.0,750.0,0.0,1677.5,750.0,927.5,4
2026-09-26 17:00:00,32.5,32.5,0.0,1265.0,32.5,1235.0,32.5,32.5,0.0,1265.0,32.5,1235.0,4
2026-09-26 18:00:00,0.0,0.0,0.0,1477.5,0.0,1477.5,0.0,0.0,0.0,1477.5,0.0,1477.5,4
2026-09-26 19:00:00,0.0,0.0,0.0,1745.0,0.0,1745.0,0.0,0.0,0.0,1745.0,0.0,1745.0,4
2026-09-26 20:00:00,0.0,0.0,0.0,1552.5,0.0,1552.5,0.0,0.0,0.0,1552.5,0.0,1552.5,4
2026-09-26 21:00:00,0.0,0.0,0.0,1700.0,0.0,1700.0,0.0,0.0,0.0,1700.0,0.0,1700.0,4
2026-09-26 22:00:00,0.0,0.0,0.0,1730.0,0.0,1730.0,0.0,0.0,0.0,1730.0,0.0,1730.0,4
2026-09-26 23:00:00,0.0,0.0,0.0,1750.0,0.0,1750.0,0.0,0.0,0.0,1750.0,0.0,1750.0,4
2026-09-27 00:00:00,0.0,0.0,0.0,1735.0,0.0,1735.0,0.0,0.0,0.0,1735.0,0.0,1735.0,4
2026-09-27 01:00:00,0.0,0.0,0.0,1780.0,0.0,1780.0,0.0,0.0,0.0,1780.0,0.0,1780.0,4
2026-09-27 02:00:00,0.0,0.0,0.0,1772.5,0.0,1772.5,0.0,0.0,0.0,1772.5,0.0,1772.5,4
2026-09-27 03:00:00,0.0,0.0,0.0,1767.5,0.0,1767.5,0.0,0.0,0.0,1767.5,0.0,1767.5,4
2026-09-27 04:00:00,0.0,0.0,0.0,1780.0,0.0,1780.0,0.0,0.0,0.0,1780.0,0.0,1780.0,4
2026-09-27 05:00:00,0.0,0.0,0.0,1587.5,0.0,1587.5,0.0,0.0,0.0,1587.5,0.0,1587.5,4
2026-09-27 06:00:00,30.0,30.0,0.0,1537.5,30.0,1505.0,30.0,30.0,0.0,1537.5,30.0,1505.0,4
2026-09-27 07:00:00,430.0,430.0,0.0,1187.5,430.0,757.5,430.0,430.0,0.0,1187.5,430.0,757.5,4
2026-09-27 08:00:00,662.5,662.5,0.0,1255.0,662.5,595.0,662.5,662.5,0.0,1255.0,662.5,595.0,4
2026-09-27 09:00:00,1102.5,1097.5,2.5,1525.0,1097.5,427.5,1102.5,1097.5,2.5,1525.0,1097.5,427.5,4
2026-09-27 10:00:00,1137.5,1137.5,0.0,1730.0,1137.5,597.5,1137.5,1137.5,0.0,1730.0,1137.5,597.5,4
2026-09-27 11:00:00,1000.0,997.5,5.0,1775.0,997.5,775.0,1000.0,997.5,5.0,1775.0,997.5,775.0,4
2026-09-27 12:00:00,1367.5,1347.5,20.0,1747.5,1347.5,395.0,1367.5,1347.5,20.0,1747.5,1347.5,395.0,4
2026-09-27 13:00:00,1340.0,1340.0,0.0,1737.5,1340.0,397.5,1340.0,1340.0,0.0,1737.5,1340.0,397.5,4
2026-09-27 14:00:00,1122.5,1122.5,0.0,1815.0,1122.5,690.0,1122.5,1122.5,0.0,1815.0,1122.5,690.0,4
2026-09-27 15:00:00,547.5,547.5,0.0,1485.0,547.5,932.5,547.5,547.5,0.0,1485.0,547.5,932.5,4
2026-09-27 16:00:00,257.5,257.5,0.0,1682.5,257.5,1425.0,257.5,257.5,0.0,1682.5,257.5,1425.0,4
2026-09-27 17:00:00,70.0,70.0,0.0,1710.0,70.0,1642.5,70.0,70.0,0.0,1710.0,70.0,1642.5,4
2026-09-27 18:00:00,0.0,0.0,0.0,1760.0,0.0,1760.0,0.0,0.0,0.0,1760.0,0.0,1760.0,4
2026-09-27 19:00:00,0.0,0.0,0.0,1762.5,0.0,1762.5,0.0,0.0,0.0,1762.5,0.0,1762.5,4
2026-09-27 20:00:00,0.0,0.0,0.0,1775.0,0.0,1775.0,0.0,0.0,0.0,1775.0,0.0,1775.0,4
2026-09-27 21:00:00,0.0,0.0,0.0,1597.5,0.0,1597.5,0.0,0.0,0.0,1597.5,0.0,1597.5,4
2026-09-27 22:00:00,0.0,0.0,0.0,1755.0,0.0,1755.0,0.0,0.0,0.0,1755.0,0.0,1755.0,4
2026-09-27 23:00:00,0.0,0.0,0.0,1742.5,0.0,1742.5,0.0,0.0,0.0,1742.5,0.0,1742.5,4
2026-09-28 00:00:00,0.0,0.0,0.0,1745.0,0.0,1745.0,0.0,0.0,0.0,1745.0,0.0,1745.0,4
2026-09-28 01:00:00,0.0,0.0,0.0,1785.0,0.0,1785.0,0.0,0.0,0.0,1785.0,0.0,1785.0,4
2026-09-28 02:00:00,0.0,0.0,0.0,1712.5,0.0,1712.5,0.0,0.0,0.0,1712.5,0.0,1712.5,4
2026-09-28 03:00:00,0.0,0.0,0.0,1577.5,0.0,1577.5,0.0,0.0,0.0,1577.5,0.0,1577.5,4
2026-09-28 04:00:00,0.0,0.0,0.0,1720.0,0.0,1720.0,0.0,0.0,0.0,1720.0,0.0,1720.0,4
2026-09-28 05:00:00,0.0,0.0,0.0,1780.0,0.0,1780.0,0.0,0.0,0.0,1780.0,0.0,1780.0,4
2026-09-28 06:00:00,27.5,27.5,0.0,1737.5,27.5,1710.0,27.5,27.5,0.0,1737.5,27.5,1710.0,4
2026-09-28 07:00:00,185.0,185.0,0.0,1677.5,185.0,1490.0,185.0,185.0,0.0,1677.5,185.0,1490.0,4
2026-09-28 08:00:00,212.5,212.5,0.0,1602.5,212.5,1390.0,212.5,212.5,0.0,1602.5,212.5,1390.0,4
2026-09-28 09:00:00,357.5,357.5,0.0,1180.0,357.5,822.5,357.5,357.5,0.0,1180.0,357.5,822.5,4
2026-09-28 10:00:00,487.5,487.5,0.0,1492.5,487.5,1002.5,487.5,487.5,0.0,1492.5,487.5,1002.5,4
2026-09-28 11:00:00,357.5,357.5,0.0,1655.0,357.5,1295.0,357.5,357.5,0.0,1655.0,357.5,1295.0,4
2026-09-28 12:00:00,475.0,475.0,0.0,1747.5,475.0,1270.0,475.0,475.0,0.0,1747.5,475.0,1270.0,4
2026-09-28 13:00:00,575.0,575.0,0.0,1740.0,575.0,1165.0,575.0,575.0,0.0,1740.0,575.0,1165.0,4
2026-09-28 14:00:00,405.0,405.0,0.0,1510.0,405.0,1105.0,405.0,405.0,0.0,1510.0,405.0,1105.0,4
2026-09-28 15:00:00,352.5,352.5,0.0,1360.0,352.5,1005.0,352.5,352.5,0.0,1360.0,352.5,1005.0,4
2026-09-28 16:00:00,197.5,197.5,0.0,1722.5,197.5,1525.0,197.5,197.5,0.0,1722.5,197.5,1525.0,4
2026-09-28 17:00:00,20.0,20.0,0.0,1755.0,20.0,1735.0,20.0,20.0,0.0,1755.0,20.0,1735.0,4
2026-09-28 18:00:00,0.0,0.0,0.0,1705.0,0.0,1705.0,0.0,0.0,0.0,1705.0,0.0,1705.0,4
2026-09-28 19:00:00,0.0,0.0,0.0,1672.5,0.0,1672.5,0.0,0.0,0.0,1672.5,0.0,1672.5,4
2026-09-28 20:00:00,0.0,0.0,0.0,1755.0,0.0,1755.0,0.0,0.0,0.0,1755.0,0.0,1755.0,4
2026-09-28 21:00:00,0.0,0.0,0.0,1762.5,0.0,1762.5,0.0,0.0,0.0,1762.5,0.0,1762.5,4
2026-09-28 22:00:00,0.0,0.0,0.0,1737.5,0.0,1737.5,0.0,0.0,0.0,1737.5,0.0,1737.5,4
2026-09-28 23:00:00,0.0,0.0,0.0,1705.0,0.0,1705.0,0.0,0.0,0.0,1705.0,0.0,1705.0,4
2026-09-29 00:00:00,0.0,0.0,0.0,1507.5,0.0,1507.5,0.0,0.0,0.0,1507.5,0.0,1507.5,4
2026-09-29 01:00:00,0.0,0.0,0.0,1737.5,0.0,1737.5,0.0,0.0,0.0,1737.5,0.0,1737.5,4
2026-09-29 02:00:00,0.0,0.0,0.0,1712.5,0.0,1712.5,0.0,0.0,0.0,1712.5,0.0,1712.5,4
2026-09-29 03:00:00,0.0,0.0,0.0,1550.0,0.0,1550.0,0.0,0.0,0.0,1550.0,0.0,1550.0,4
2026-09-29 04:00:00,0.0,0.0,0.0,1500.0,0.0,1500.0,0.0,0.0,0.0,1500.0,0.0,1500.0,4
2026-09-29 05:00:00,0.0,0.0,0.0,1500.0,0.0,1500.0,0.0,0.0,0.0,1500.0,0.0,1500.0,4
2026-09-29 06:00:00,40.0,40.0,0.0,1577.5,40.0,1537.5,40.0,40.0,0.0,1577.5,40.0,1537.5,4
2026-09-29 07:00:00,225.0,225.0,0.0,1605.0,225.0,1382.5,225.0,225.0,0.0,1605.0,225.0,1382.5,4
2026-09-29 08:00:00,490.0,490.0,0.0,1435.0,490.0,945.0,490.0,490.0,0.0,1435.0,490.0,945.0,4
2026-09-29 09:00:00,1035.0,1017.5,20.0,1480.0,1017.5,467.5,1035.0,1017.5,20.0,1480.0,1017.5,467.5,4
2026-09-29 10:00:00,1170.0,1132.5,37.5,1582.5,1132.5,447.5,1170.0,1132.5,37.5,1582.5,1132.5,447.5,4
2026-09-29 11:00:00,1407.5,1382.5,22.5,1740.0,1382.5,357.5,1407.5,1382.5,22.5,1740.0,1382.5,357.5,4
2026-09-29 12:00:00,1362.5,1362.5,0.0,1720.0,1362.5,357.5,1362.5,1362.5,0.0,1720.0,1362.5,357.5,4
2026-09-29 13:00:00,1180.0,1175.0,7.5,1295.0,1175.0,120.0,1180.0,1175.0,7.5,1295.0,1175.0,120.0,4
2026-09-29 14:00:00,1297.5,1297.5,0.0,1717.5,1297.5,420.0,1297.5,1297.5,0.0,1717.5,1297.5,420.0,4
2026-09-29 15:00:00,1150.0,1150.0,0.0,1827.5,1150.0,675.0,1150.0,1150.0,0.0,1827.5,1150.0,675.0,4
2026-09-29 16:00:00,845.0,845.0,0.0,1827.5,845.0,982.5,845.0,845.0,0.0,1827.5,845.0,982.5,4
2026-09-29 17:00:00,185.0,185.0,0.0,1585.0,185.0,1397.5,185.0,185.0,0.0,1585.0,185.0,1397.5,4
2026-09-29 18:00:00,0.0,0.0,0.0,1497.5,0.0,1497.5,0.0,0.0,0.0,1497.5,0.0,1497.5,4
2026-09-29 19:00:00,0.0,0.0,0.0,1722.5,0.0,1722.5,0.0,0.0,0.0,1722.5,0.0,1722.5,4
2026-09-29 20:00:00,0.0,0.0,0.0,1727.5,0.0,1727.5,0.0,0.0,0.0,1727.5,0.0,1727.5,4
2026-09-29 21:00:00,0.0,0.0,0.0,1560.0,0.0,1560.0,0.0,0.0,0.0,1560.0,0.0,1560.0,4
2026-09-29 22:00:00,0.0,0.0,0.0,1705.0,0.0,1705.0,0.0,0.0,0.0,1705.0,0.0,1705.0,4
2026-09-29 23:00:00,0.0,0.0,0.0,1747.5,0.0,1747.5,0.0,0.0,0.0,1747.5,0.0,1747.5,4
2026-09-30 00:00:00,0.0,0.0,0.0,1775.0,0.0,1775.0,0.0,0.0,0.0,1775.0,0.0,1775.0,4
2026-09-30 01:00:00,0.0,0.0,0.0,1775.0,0.0,1775.0,0.0,0.0,0.0,1775.0,0.0,1775.0,4
2026-09-30 02:00:00,0.0,0.0,0.0,1780.0,0.0,1780.0,0.0,0.0,0.0,1780.0,0.0,1780.0,4
2026-09-30 03:00:00,0.0,0.0,0.0,1752.5,0.0,1752.5,0.0,0.0,0.0,1752.5,0.0,1752.5,4
2026-09-30 04:00:00,0.0,0.0,0.0,1535.0,0.0,1535.0,0.0,0.0,0.0,1535.0,0.0,1535.0,4
2026-09-30 05:00:00,0.0,0.0,0.0,1737.5,0.0,1737.5,0.0,0.0,0.0,1737.5,0.0,1737.5,4
2026-09-30 06:00:00,47.5,47.5,0.0,1757.5,47.5,1712.5,47.5,47.5,0.0,1757.5,47.5,1712.5,4
2026-09-30 07:00:00,417.5,417.5,0.0,1737.5,417.5,1322.5,417.5,417.5,0.0,1737.5,417.5,1322.5,4
2026-09-30 08:00:00,932.5,932.5,0.0,1817.5,932.5,887.5,932.5,932.5,0.0,1817.5,932.5,887.5,4
2026-09-30 09:00:00,1165.0,1147.5,15.0,1467.5,1147.5,325.0,1165.0,1147.5,15.0,1467.5,1147.5,325.0,4
2026-09-30 10:00:00,1230.0,1215.0,15.0,1322.5,1215.0,107.5,1230.0,1215.0,15.0,1322.5,1215.0,107.5,4
2026-09-30 11:00:00,1457.5,1457.5,0.0,1645.0,1457.5,190.0,1457.5,1457.5,0.0,1645.0,1457.5,190.0,4
2026-09-30 12:00:00,1772.5,1770.0,0.0,1832.5,1770.0,60.0,1772.5,1770.0,0.0,1832.5,1770.0,60.0,4
2026-09-30 13:00:00,1790.0,1790.0,0.0,1857.5,1790.0,67.5,1790.0,1790.0,0.0,1857.5,1790.0,67.5,4
2026-09-30 14:00:00,1457.5,1457.5,0.0,1540.0,1457.5,82.5,1457.5,1457.5,0.0,1540.0,1457.5,82.5,4
2026-09-30 15:00:00,1235.0,1235.0,0.0,1300.0,1235.0,67.5,1235.0,1235.0,0.0,1300.0,1235.0,67.5,4
2026-09-30 16:00:00,737.5,737.5,0.0,1375.0,737.5,637.5,737.5,737.5,0.0,1375.0,737.5,637.5,4
2026-09-30 17:00:00,212.5,212.5,0.0,1250.0,212.5,1037.5,212.5,212.5,0.0,1250.0,212.5,1037.5,4
2026-09-30 18:00:00,0.0,0.0,0.0,1502.5,0.0,1502.5,0.0,0.0,0.0,1502.5,0.0,1502.5,4
2026-09-30 19:00:00,0.0,0.0,0.0,1495.0,0.0,1495.0,0.0,0.0,0.0,1495.0,0.0,1495.0,4
2026-09-30 20:00:00,0.0,0.0,0.0,1535.0,0.0,1535.0,0.0,0.0,0.0,1535.0,0.0,1535.0,4
2026-09-30 21:00:00,0.0,0.0,0.0,1792.5,0.0,1792.5,0.0,0.0,0.0,1792.5,0.0,1792.5,4
2026-09-30 22:00:00,0.0,0.0,0.0,1710.0,0.0,1710.0,0.0,0.0,0.0,1710.0,0.0,1710.0,4
2026-09-30 23:00:00,0.0,0.0,0.0,1717.5,0.0,1717.5,0.0,0.0,0.0,1717.5,0.0,1717.5,4
