inverter,energy_kWh
Energy Produced for Inverter 1 (7B105205),11296.7
Energy Produced for Inverter 10 (7B10521E),11380.338
Energy Produced for Inverter 11 (7B1051FB),11386.032
Energy Produced for Inverter 12 (7B10537A),11357.449
Energy Produced for Inverter 13 (7B1051D3),11378.363
Energy Produced for Inverter 14 (7B1051E7),11406.029
Energy Produced for Inverter 15 (7B1051FE),11392.07
Energy Produced for Inverter 16 (7B1051F3),11368.359
Energy Produced for Inverter 17 (7B1051C5),11394.611
Energy Produced for Inverter 18 (7B105385),11354.109
Energy Produced for Inverter 19 (7B1051FC),11556.469
Energy Produced for Inverter 2 (7B1051F8),10181.199
Energy Produced for Inverter 20 (7B105218),11518.962
Energy Produced for Inverter 21 (7B105386),11440.235
Energy Produced for Inverter 22 (7B10520A),11465.301
Energy Produced for Inverter 23 (7B105208),11505.389
Energy Produced for Inverter 24 (7B1051F6),13398.304
Energy Produced for Inverter 3 (7B1051FD),11340.705
Energy Produced for Inverter 4 (7B105200),11405.803
Energy Produced for Inverter 5 (7B1051F9),11374.806
Energy Produced for Inverter 6 (7B1051F4),10424.886
Energy Produced for Inverter 7 (7B1051F1),11359.098
Energy Produced for Inverter 8 (7B1051FF),11375.599
Energy Produced for Inverter 9 (7B10520B),11395.528
